GU_CDE,DONG_CDE,JIBUN,geometry,X좌표,Y좌표
590,10700,708-592천,POINT (197451.6832775803 542255.4905198738),197451.6832775803,542255.4905198738
590,10700,708-1110천,POINT (196866.5862597014 543293.1973734621),196866.5862597014,543293.1973734621
590,10700,708-1110천,POINT (196862.4271102072 543300.6210580587),196862.42711020718,543300.6210580587
590,10700,산32-59 도,POINT (197052.4542100756 542556.1290698861),197052.45421007558,542556.129069886
590,10200,320-20도,POINT (194092.4268168866 544422.8202240409),194092.4268168866,544422.8202240409
590,10700,318-11도,POINT (197751.5508037184 542637.2330738012),197751.5508037184,542637.2330738012
590,10800,58천,POINT (193950.4332808631 545965.0155927212),193950.43328086307,545965.0155927212
590,10800,58천,POINT (194003.8668410127 545982.3200989428),194003.8668410127,545982.3200989428
590,10800,58천,POINT (194003.6606670944 545967.6010608834),194003.6606670944,545967.6010608835
590,10100,70-4도,POINT (194575.5975000008 545998.3680000004),194575.5975000008,545998.3680000004
590,10100,319천,POINT (194699.1403811762 546008.1457788789),194699.1403811762,546008.1457788789
590,10100,44-6도,POINT (194699.539654813 545985.6898374134),194699.539654813,545985.6898374135
590,10100,63-12도,POINT (194728.7200818981 545989.2005337807),194728.7200818981,545989.2005337807
590,10100,319천,POINT (194714.0262506464 545991.4193149812),194714.02625064642,545991.4193149812
590,10100,316도,POINT (195051.1738224014 546039.8133365293),195051.1738224014,546039.8133365293
590,10100,13-4도,POINT (195052.4941013109 546026.0848920578),195052.4941013109,546026.0848920578
590,10100,13-4도,POINT (195095.250807574 546047.0331907494),195095.250807574,546047.0331907494
590,10100,2-3 수,POINT (195095.9977763062 546032.9412175978),195095.9977763062,546032.9412175978
590,10100,151-24대,POINT (195172.2652413116 546046.8253973328),195172.2652413116,546046.8253973328
590,10100,165-8도,POINT (195418.8805363977 545945.7464671102),195418.8805363977,545945.7464671102
590,10100,477-1도,POINT (195535.3135584886 545932.5673182725),195535.3135584886,545932.5673182725
590,10100,482대,POINT (195532.0285117219 545918.6509969899),195532.0285117219,545918.6509969899
590,10400,374-3도,POINT (195581.5444432332 545906.5105280057),195581.5444432332,545906.5105280057
590,10400,477-1도,POINT (195646.5729970101 545927.1296651167),195646.5729970101,545927.1296651167
590,10200,27-26대,POINT (194997.6220252015 545075.8090615754),194997.62202520148,545075.8090615754
590,10200,26-56대,POINT (194968.5589643316 544998.8258465702),194968.5589643316,544998.8258465702
590,10500,9-22도,POINT (196928.3328667878 545369.5653114108),196928.33286678782,545369.5653114108
590,10400,477-1도,POINT (195645.6900408726 545912.8670098155),195645.6900408726,545912.8670098154
590,10200,180-6대,POINT (194635.195705851 544958.6023445753),194635.19570585102,544958.6023445753
590,10800,391-509대,POINT (193320.8695130665 544548.1433550644),193320.8695130665,544548.1433550643
590,10800,391-509대,POINT (193351.3709355795 544547.0817771255),193351.3709355795,544547.0817771255
590,10800,466-10대,POINT (193358.0389044521 544543.2016835333),193358.0389044521,544543.2016835333
590,10800,375-19대,POINT (193507.3050039176 544538.2917726914),193507.30500391763,544538.2917726914
590,10800,404-2도,POINT (193509.2885336226 544444.8398075871),193509.2885336226,544444.8398075871
590,10900,347-1도,POINT (193575.3983949449 544412.6341510884),193575.39839494487,544412.6341510884
590,10200,156-9대,POINT (195071.5458012257 544599.8802132622),195071.5458012257,544599.8802132622
590,10800,507 대,POINT (193925.8123050534 545795.4522667476),193925.8123050534,545795.4522667476
590,10800,23-190도,POINT (193932.1979874166 545789.5620287309),193932.1979874166,545789.562028731
590,10200,259-4 도,POINT (194228.1682523352 544261.987483891),194228.1682523352,544261.987483891
590,10800,11-4도,POINT (194017.1476517326 545292.7642713805),194017.1476517326,545292.7642713805
590,10500,211-32대,POINT (196082.4366746316 545197.4801994084),196082.4366746316,545197.4801994085
590,10500,190-19도,POINT (196377.3664829777 545308.5595349345),196377.3664829777,545308.5595349346
590,10200,214-193대,POINT (195022.8270673498 543767.8473219905),195022.8270673498,543767.8473219904
590,10500,260천,POINT (197042.2098213296 545187.2917177312),197042.2098213296,545187.2917177312
590,10500,42-21대,POINT (197033.8219195664 545203.990785967),197033.8219195664,545203.990785967
590,10500,39-10대,POINT (197027.4565963214 545125.7017703378),197027.4565963214,545125.7017703378
590,10500,38-43대,POINT (197006.7038054469 545119.3620558782),197006.70380544692,545119.3620558782
590,10500,38-29대,POINT (197004.8772337658 545138.0463710695),197004.8772337658,545138.0463710695
590,10900,395-61도,POINT (193288.5931695102 543701.3658571168),193288.5931695102,543701.3658571168
590,10900,395공,POINT (193242.1330055601 543823.7708838369),193242.1330055601,543823.7708838369
590,10700,222도,POINT (197328.6528735435 542854.8118223954),197328.65287354353,542854.8118223954
590,10500,204-56도,POINT (196201.6302470397 545232.0363473208),196201.6302470397,545232.0363473208
590,10600,102-44대,POINT (198210.604728717 543856.8151229017),198210.60472871698,543856.8151229017
590,10800,508 대,POINT (193710.2783092893 545493.5000829577),193710.2783092893,545493.5000829578
590,10700,209-16학,POINT (197143.3279278319 542837.9446136422),197143.3279278319,542837.9446136422
590,10900,390-5학,POINT (193146.0083724517 544281.6911042378),193146.00837245173,544281.6911042378
590,10800,23-186 도,POINT (193721.2631720531 545493.7435217042),193721.2631720531,545493.7435217042
590,10500,207-57도,POINT (196206.4803136841 545179.1867391495),196206.4803136841,545179.1867391495
590,10500,221-1도,POINT (196277.7500144477 545263.7540798153),196277.7500144477,545263.7540798153
590,10500,204-136구,POINT (196323.8013215338 545274.8595913864),196323.8013215338,545274.8595913864
590,10500,221-1도,POINT (196327.8274648321 545261.5556225695),196327.8274648321,545261.5556225695
590,10500,195-16 대,POINT (196353.0773316869 545289.6365893667),196353.07733168692,545289.6365893667
590,10500,221학,POINT (196328.5451112091 545207.2442590308),196328.5451112091,545207.2442590308
590,10800,64-13도,POINT (193679.0083232577 545956.2476324675),193679.0083232577,545956.2476324675
590,10400,126-3 도,POINT (195904.8769356813 545932.4774606867),195904.8769356813,545932.4774606867
590,10500,86 학,POINT (196491.3336226511 544713.5977721717),196491.3336226511,544713.5977721717
590,10500,86-201 도,POINT (196483.552607551 544613.0158016151),196483.552607551,544613.0158016151
590,10800,375-1학,POINT (193451.9617278669 544811.6263175119),193451.9617278669,544811.6263175119
590,10500,86-93도,POINT (196474.3668623662 544619.252275494),196474.3668623662,544619.2522754939
590,10800,466-31도,POINT (193449.0997245079 545720.0555151526),193449.0997245079,545720.0555151526
590,10800,466-31도,POINT (193426.2201009354 545721.7305639433),193426.2201009354,545721.7305639433
590,10500,141-2공,POINT (196661.0762051734 545349.8592004704),196661.0762051734,545349.8592004704
590,10900,343-1도,POINT (193604.7691618083 544158.2490292669),193604.76916180828,544158.2490292669
590,10900,345-2도,POINT (193619.6885847859 544242.0653161436),193619.6885847859,544242.0653161436
590,10900,343-77대,POINT (193595.1778609004 544107.9941733155),193595.17786090038,544107.9941733155
590,10900,342-41대,POINT (193651.4673019158 544058.4247506735),193651.46730191578,544058.4247506735
590,10600,66-29도,POINT (198454.1467049966 543929.8190434302),198454.14670499662,543929.8190434303
590,10300,56-99대,POINT (195820.6691848088 544244.2304946943),195820.6691848088,544244.2304946943
590,10100,114-8도,POINT (195073.657860043 545973.2920784219),195073.65786004302,545973.2920784219
590,10700,708-535 도,POINT (196771.8309786949 543249.4076658867),196771.8309786949,543249.4076658867
590,10800,400-8대,POINT (192971.6977873671 544436.4403537007),192971.6977873671,544436.4403537007
590,10800,407-9제,POINT (192964.809297133 544330.2343411533),192964.809297133,544330.2343411533
590,10900,378-10도,POINT (193008.9490488406 544301.8166970533),193008.9490488406,544301.8166970533
590,10800,407-8대,POINT (193018.4388418524 544305.5897326779),193018.4388418524,544305.5897326779
590,10700,산24-17임,POINT (197692.8467727699 542656.2039458498),197692.84677276987,542656.2039458498
590,10700,265-17도,POINT (197712.0715107031 542640.8110930127),197712.0715107031,542640.8110930127
590,10700,산24-17임,POINT (197571.1049186292 542728.4176972972),197571.10491862922,542728.4176972972
590,10700,169-32대,POINT (197326.3267538779 542868.407650269),197326.3267538779,542868.407650269
590,10700,169-32대,POINT (197251.3855382371 542941.1655837036),197251.3855382371,542941.1655837036
590,10700,226-5 도,POINT (197233.130373146 542940.0872795025),197233.130373146,542940.0872795025
590,10700,산31-6임,POINT (197144.04400262 543051.0307180664),197144.04400262,543051.0307180664
590,10700,1129도,POINT (198007.4045741949 541910.256022191),198007.4045741949,541910.256022191
590,10700,1129도,POINT (197515.5547814041 541825.1736944492),197515.5547814041,541825.1736944492
590,10700,1129도,POINT (197582.6157801768 541844.6117020762),197582.6157801768,541844.6117020762
590,10900,702-2천,POINT (191493.930282371 542886.5011406537),191493.930282371,542886.5011406536
590,10900,686-48대,POINT (191569.8351288388 543003.4460779709),191569.83512883878,543003.4460779709
590,10900,699-3도,POINT (191614.2046617579 543071.7111788258),191614.2046617579,543071.7111788258
590,10700,1129도,POINT (198087.6335404342 541933.1326925331),198087.6335404342,541933.1326925331
590,10700,105대,POINT (197910.1664913088 543425.7966262468),197910.1664913088,543425.7966262468
590,10700,59-1도,POINT (197944.7158399402 543671.7185043711),197944.71583994018,543671.7185043711
590,10900,378-10도,POINT (193105.2230826302 544269.9599575785),193105.2230826302,544269.9599575786
590,10900,395-61도,POINT (193159.1144006431 543428.2886264201),193159.1144006431,543428.2886264201
590,10700,708-975도,POINT (197064.9664908285 542588.525116628),197064.96649082852,542588.5251166279
590,10700,산32-87임,POINT (196980.077672876 542428.1994238837),196980.077672876,542428.1994238837
590,10600,산18-4임,POINT (198458.1072852219 543966.8502233209),198458.10728522192,543966.8502233209
590,10600,764-19대,POINT (198451.8190062006 543751.4957674855),198451.8190062006,543751.4957674855
590,10500,260천,POINT (197244.6945188188 545196.495371787),197244.69451881878,545196.495371787
590,10700,247-3도,POINT (197354.3407729819 542864.8546967311),197354.3407729819,542864.8546967311
590,10700,산25-33도,POINT (197519.6156138932 542780.6727031814),197519.6156138932,542780.6727031814
590,10700,169-14도,POINT (197559.2296719271 542995.522739408),197559.2296719271,542995.522739408
590,10700,1129도,POINT (197780.2897714404 541897.5413813279),197780.28977144038,541897.5413813279
590,10700,1129도,POINT (197736.1983460727 541887.1914512643),197736.1983460727,541887.1914512643
590,10200,325대,POINT (195077.5695570018 545101.8518161837),195077.56955700179,545101.8518161837
590,10700,105대,POINT (197918.0655051474 543264.8534551134),197918.0655051474,543264.8534551135
590,10200,111-4학,POINT (196493.639519221 543821.3389855863),196493.639519221,543821.3389855863
590,10200,407-3도,POINT (196483.1920752263 543816.1570777805),196483.19207522628,543816.1570777805
590,10900,395-61도,POINT (193210.3038654041 543708.2987188309),193210.3038654041,543708.2987188309
590,10900,395-61도,POINT (193187.3988229372 543592.3589229564),193187.3988229372,543592.3589229564
590,10700,169-18도,POINT (197700.2350584841 542726.5701474069),197700.2350584841,542726.5701474069
590,10900,395-61도,POINT (193208.7830495638 543602.1727897994),193208.7830495638,543602.1727897994
590,10900,395-61도,POINT (193341.6257329286 543595.954783457),193341.6257329286,543595.954783457
590,10900,395-61도,POINT (193334.8947541691 543564.0766543321),193334.8947541691,543564.0766543321
590,10700,708-659도,POINT (198415.4158282233 543189.8066341463),198415.41582822328,543189.8066341464
590,10700,3266 도,POINT (198417.6747756552 543226.5958177788),198417.6747756552,543226.5958177788
590,10700,82-5도,POINT (198436.7297715725 543337.2430796103),198436.7297715725,543337.2430796103
590,10900,395-73대,POINT (193352.1740812137 543575.8694056144),193352.1740812137,543575.8694056143
590,10900,591-42대,POINT (191909.8486487427 543133.2964648176),191909.84864874269,543133.2964648176
590,10900,600-99대,POINT (192037.8335622816 543082.1688681119),192037.8335622816,543082.1688681119
590,10900,700-4도,POINT (192144.6123311967 543085.2894645055),192144.61233119672,543085.2894645055
590,10700,1106도,POINT (198021.2050466481 541930.7063302789),198021.20504664807,541930.7063302789
590,10700,1129도,POINT (197959.9640104178 541923.2900376531),197959.9640104178,541923.2900376532
590,10700,421-1대,POINT (197904.4614073842 541917.4827953825),197904.46140738422,541917.4827953825
590,10700,1129도,POINT (197833.4833906436 541906.5493821844),197833.48339064358,541906.5493821844
590,10900,395-70대,POINT (193320.2778028656 543583.0992385464),193320.27780286557,543583.0992385464
590,10900,699도,POINT (191760.5798218691 543293.8244579745),191760.5798218691,543293.8244579745
590,10900,700도,POINT (191823.221467057 543197.036555458),191823.22146705698,543197.036555458
590,10100,750-25도,POINT (198670.965467062 544345.0519099088),198670.965467062,544345.0519099089
590,10100,750-25도,POINT (198679.4143423848 544333.0325662474),198679.4143423848,544333.0325662474
590,10100,750-25도,POINT (198675.7125744333 544323.423290337),198675.71257443327,544323.4232903371
590,10100,752-2도,POINT (198650.9972950358 544327.2927829998),198650.99729503578,544327.2927829998
590,10800,498-1도,POINT (193572.2448115258 546144.9510949246),193572.24481152577,546144.9510949246
590,10800,48-3대,POINT (193561.0409399225 546115.8398537915),193561.0409399225,546115.8398537915
590,10900,345-6도,POINT (193573.5477462899 543986.3543471296),193573.54774628987,543986.3543471296
590,10900,344-213도,POINT (193586.4209347885 544057.5495774132),193586.4209347885,544057.5495774132
590,10900,395-61도,POINT (193288.2195951637 543726.4764950875),193288.2195951637,543726.4764950875
590,10900,395-61도,POINT (193224.8210658581 543740.9509677821),193224.8210658581,543740.9509677821
590,10900,395-61도,POINT (193207.0418823586 543731.866252484),193207.0418823586,543731.866252484
590,10300,311-3도,POINT (195791.7376043992 544249.879311564),195791.7376043992,544249.879311564
590,10800,58천,POINT (193736.3836835033 545976.026288385),193736.38368350329,545976.026288385
590,10800,339-26도,POINT (193748.8492494886 545960.6892687324),193748.8492494886,545960.6892687324
590,10800,62-5도,POINT (193799.6025395785 545960.3208905876),193799.6025395785,545960.3208905875
590,10800,54-2도,POINT (193903.7863686331 545988.4632389001),193903.7863686331,545988.4632389001
590,10100,42-6도,POINT (194555.8086272311 545981.367325143),194555.8086272311,545981.367325143
590,10100,40-12도,POINT (194584.1287839721 546015.5841589136),194584.12878397212,546015.5841589136
590,10100,70-7도,POINT (194873.0945803368 546006.7135177497),194873.0945803368,546006.7135177497
590,10800,58천,POINT (193950.7477045737 545978.4901690376),193950.7477045737,545978.4901690376
590,10800,51-14도,POINT (193977.0852335872 545991.0231201019),193977.0852335872,545991.0231201019
590,10100,60-11도,POINT (194818.5522888083 545998.037447802),194818.55228880828,545998.037447802
590,10100,69-13도,POINT (194917.7728459947 546009.4813260213),194917.77284599468,546009.4813260214
590,10100,67-3도,POINT (194907.6812042958 546037.6542137032),194907.68120429578,546037.6542137032
590,10100,24-5도,POINT (194399.2918031445 545970.6098680015),194399.2918031445,545970.6098680015
590,10100,153-22도,POINT (195287.0156046389 546014.7765772761),195287.0156046389,546014.7765772761
590,10100,128-2대,POINT (195267.4320412454 545988.6582674311),195267.4320412454,545988.6582674311
590,10100,114-11대,POINT (195082.7202428098 546007.0440717256),195082.7202428098,546007.0440717256
590,10100,113-1도,POINT (195022.2495488608 546017.0625346478),195022.24954886077,546017.0625346478
590,10100,67-3도,POINT (194969.2773682141 546042.1671990314),194969.2773682141,546042.1671990314
590,10100,873도,POINT (198653.907929173 544355.9444364179),198653.907929173,544355.9444364179
590,10300,633-32대,POINT (195511.377675841 544653.9425840979),195511.377675841,544653.9425840979
590,10300,418-2대,POINT (195704.1610649197 544375.709647569),195704.1610649197,544375.709647569
590,10300,528-1도,POINT (195484.2839070548 544723.1433564867),195484.2839070548,544723.1433564867
590,10300,620대,POINT (195455.6155876857 544702.7647596484),195455.6155876857,544702.7647596485
590,10900,559-11도,POINT (191990.4104085575 543644.8871899412),191990.4104085575,543644.8871899411
590,10900,584-12도,POINT (191971.6167107085 543616.6615563849),191971.6167107085,543616.6615563849
590,10200,230-18대,POINT (194670.9062577233 545095.2013246403),194670.90625772328,545095.2013246403
590,10700,3266 도,POINT (198422.4808378901 543169.1274238277),198422.48083789012,543169.1274238278
590,10700,2270-1대,POINT (198434.7327067771 543168.5023654866),198434.7327067771,543168.5023654866
590,10300,36-1대,POINT (195353.3643337536 544843.1752855143),195353.3643337536,544843.1752855143
590,10200,,POINT (194991.2758975771 544856.2956667388),194991.2758975771,544856.2956667389
590,10800,1192도,POINT (193072.9211687581 544838.1998873547),193072.9211687581,544838.1998873547
590,10900,551-8도,POINT (192115.3047997658 543845.1597016712),192115.30479976578,543845.1597016712
590,10900,707-7도,POINT (192130.9167803232 543871.3856571747),192130.9167803232,543871.3856571747
590,10900,492-123도,POINT (192423.3359009186 544114.9282106203),192423.33590091858,544114.9282106203
590,10900,349-35도,POINT (193477.5790287401 544292.8986136136),193477.57902874012,544292.8986136136
590,10900,707-7도,POINT (192140.0898270255 543889.607574582),192140.0898270255,543889.607574582
590,10900,470-10대,POINT (192435.2759090161 544031.8431790906),192435.27590901608,544031.8431790906
590,10900,470-10대,POINT (192425.8001934754 544038.3959209125),192425.80019347538,544038.3959209125
590,10900,470-8대,POINT (192440.9422788921 544041.8617512431),192440.94227889212,544041.8617512431
590,10700,206-55도,POINT (196969.8902278867 542996.9805059816),196969.89022788673,542996.9805059816
590,10900,4467대,POINT (192449.7098158735 543922.1002960759),192449.7098158735,543922.1002960759
590,10700,산32-59임,POINT (197132.4099085063 542846.2668235709),197132.4099085063,542846.266823571
590,10700,708-1048도,POINT (197040.3287487208 542930.3060323132),197040.32874872079,542930.3060323132
590,10200,214-192대,POINT (195017.6582162986 543773.9182493292),195017.6582162986,543773.9182493292
590,10800,407-1도,POINT (193513.767971757 544428.6473740055),193513.76797175698,544428.6473740055
590,10900,565-21대,POINT (192041.5128660281 543713.5832367133),192041.5128660281,543713.5832367133
590,10900,500-13도,POINT (192713.6316938617 544172.5954131563),192713.6316938617,544172.5954131563
590,10900,395-61도,POINT (193373.7102467797 543699.0343422377),193373.7102467797,543699.0343422377
590,10500,산15-58임,POINT (196213.3142082541 545228.8528832115),196213.3142082541,545228.8528832115
590,10800,322-1도,POINT (193974.2519080772 545895.75104019),193974.2519080772,545895.75104019
590,10800,466-10대,POINT (193396.0929768258 544497.1436068509),193396.09297682578,544497.143606851
590,10100,205-69대,POINT (195261.3039375946 545500.3110390051),195261.3039375946,545500.311039005
590,10500,204-172 도,POINT (196206.2739702445 545218.6305081532),196206.27397024448,545218.6305081532
590,10800,501대,POINT (193293.8708983244 544957.4079293949),193293.8708983244,544957.407929395
590,10800,466-10대,POINT (193403.4373909596 544541.6572607206),193403.43739095962,544541.6572607206
590,10800,466-10대,POINT (193397.2193994765 544536.2450893812),193397.21939947648,544536.2450893811
590,10500,141도,POINT (196622.2734022492 545317.7649553675),196622.2734022492,545317.7649553675
590,10800,379-7대,POINT (193287.2127711636 544538.5530062369),193287.21277116358,544538.5530062369
590,10800,375-41대,POINT (193294.7903223941 544815.3836239527),193294.7903223941,544815.3836239527
590,10600,316-3천,POINT (198248.9533452814 545142.5239206103),198248.9533452814,545142.5239206103
590,10800,466-1도,POINT (193426.7697633558 545891.5677508074),193426.76976335578,545891.5677508074
590,10800,4898천,POINT (193419.5897096697 545909.9865472495),193419.5897096697,545909.9865472495
590,10800,117-7도,POINT (193516.4781966804 545911.2460888248),193516.4781966804,545911.2460888248
590,10500,248-77대,POINT (196516.9392118438 544803.2620869478),196516.9392118438,544803.2620869478
590,10200,산65-139임,POINT (194793.4337339594 544660.4777513247),194793.43373395942,544660.4777513247
590,10800,466-2도,POINT (193503.1425428927 545836.6468850637),193503.1425428927,545836.6468850636
590,10800,466-55도,POINT (193571.1493946274 545742.1161598751),193571.14939462737,545742.1161598751
590,10800,511 대,POINT (193509.1210572733 545731.9027249092),193509.12105727327,545731.9027249092
590,10800,466-2도,POINT (193461.8979991397 545726.66119642),193461.89799913968,545726.66119642
590,10800,466-31도,POINT (193373.8101218452 545744.7748737597),193373.8101218452,545744.7748737597
590,10200,173-12대,POINT (194836.6136706535 544594.561545327),194836.61367065352,544594.5615453271
590,10900,378-10도,POINT (193139.2763121322 544254.2284949329),193139.2763121322,544254.2284949329
590,10900,466-10 도,POINT (193127.7378249055 544248.0701339004),193127.73782490552,544248.0701339004
590,10900,390-5학,POINT (193102.8318952249 544253.3756576076),193102.8318952249,544253.3756576076
590,10900,709대,POINT (193092.1478998273 544246.0813311402),193092.1478998273,544246.0813311402
590,10900,398-1대,POINT (193020.4535930242 544240.5923234022),193020.45359302423,544240.5923234022
590,10900,390-5학,POINT (193010.6809011349 544254.899448281),193010.68090113488,544254.899448281
590,10900,466-10 도,POINT (193002.4289654635 544247.9594447139),193002.4289654635,544247.9594447139
590,10900,398-1대,POINT (192995.0284871283 544241.7481610405),192995.0284871283,544241.7481610405
590,10800,503-2도,POINT (193381.7425787516 545489.6436843638),193381.7425787516,545489.6436843638
590,10800,501-4도,POINT (193475.7063272153 545445.4099452446),193475.7063272153,545445.4099452446
590,10600,316천,POINT (197923.0824613338 544911.8391068809),197923.08246133378,544911.839106881
590,10900,370-1대,POINT (192844.2467545429 544211.4421218855),192844.2467545429,544211.4421218855
590,10800,68-10구,POINT (193870.8627691269 545400.3032244784),193870.86276912692,545400.3032244784
590,10200,361-6대,POINT (194204.9801108242 544722.574476258),194204.98011082422,544722.574476258
590,10200,361-143대,POINT (194221.8087612529 544748.1525482452),194221.80876125288,544748.1525482453
590,10200,188-66도,POINT (194232.0758076759 544767.7660360432),194232.0758076759,544767.7660360432
590,10200,329도,POINT (195339.6664261425 545355.4340348809),195339.6664261425,545355.434034881
590,10200,325대,POINT (195095.0201633938 545087.7310861569),195095.02016339378,545087.7310861569
590,10200,226-20대,POINT (194823.406699184 545096.1708932873),194823.40669918398,545096.1708932873
590,10200,323대,POINT (195388.5025785538 545257.2560359723),195388.5025785538,545257.2560359723
590,10200,34-61도,POINT (195347.1624904924 545206.985749905),195347.1624904924,545206.985749905
590,10200,17-1도,POINT (195304.5835095876 545128.8021559049),195304.58350958762,545128.8021559049
590,10300,414-3대,POINT (195362.432396583 544907.3735050801),195362.432396583,544907.3735050801
590,10200,230-44도,POINT (194630.6916359121 545032.7023376391),194630.6916359121,545032.702337639
590,10200,368-4도,POINT (194683.4401948827 545058.6437886423),194683.44019488269,545058.6437886423
590,10200,373-64구,POINT (194776.2286338347 545062.900122877),194776.2286338347,545062.900122877
590,10900,591-10대,POINT (191874.3961106745 543092.9742431702),191874.39611067448,543092.9742431702
590,10800,501대,POINT (193300.8433868953 545128.6354158738),193300.8433868953,545128.6354158738
590,10800,466-55도,POINT (193660.7759380253 545753.4878967084),193660.77593802533,545753.4878967084
590,10500,28-141도,POINT (197461.7652194394 545121.4036575223),197461.7652194394,545121.4036575223
590,10500,28-5도,POINT (197363.8133153745 545162.9044568257),197363.8133153745,545162.9044568257
590,10500,34-1도,POINT (197224.1636651382 545189.0826076703),197224.1636651382,545189.0826076703
590,10200,329도,POINT (194994.5243578762 545379.3349210713),194994.52435787622,545379.3349210713
590,10200,329도,POINT (195007.5004528049 545412.6365657919),195007.50045280487,545412.6365657919
590,10200,329도,POINT (195017.1642061595 545414.1925118682),195017.1642061595,545414.1925118682
590,10200,329도,POINT (195054.921749845 545435.6609998303),195054.921749845,545435.6609998303
590,10200,329도,POINT (195063.1212346952 545443.2333567619),195063.1212346952,545443.2333567619
590,10200,329도,POINT (195100.8692320061 545440.6447643739),195100.86923200608,545440.6447643739
590,10200,329도,POINT (195115.5446096265 545445.1928001088),195115.5446096265,545445.1928001088
590,10200,329도,POINT (195110.4973550116 545454.3249073341),195110.4973550116,545454.324907334
590,10400,344-10 도,POINT (195769.1949360595 545899.578022144),195769.1949360595,545899.578022144
590,10800,466-10대,POINT (193310.5183247672 545116.0857827845),193310.51832476718,545116.0857827845
590,10800,466-67도,POINT (193480.8998034878 545224.0460787376),193480.89980348782,545224.0460787376
590,10800,375-1학,POINT (193406.524105576 544831.0376715061),193406.524105576,544831.037671506
590,10800,375-1학,POINT (193395.3101050933 544820.1466988839),193395.3101050933,544820.1466988839
590,10800,375-1학,POINT (193415.4771254011 544818.2074680108),193415.47712540108,544818.2074680108
590,10800,466-10대,POINT (193408.9459851672 544898.768096196),193408.9459851672,544898.768096196
590,10800,466-67도,POINT (193409.769586091 544945.6827617328),193409.76958609102,544945.6827617328
590,10800,501대,POINT (193398.8882339488 545007.5615297183),193398.8882339488,545007.5615297183
590,10400,457-283도,POINT (195707.760546906 545462.6513593753),195707.760546906,545462.6513593753
590,10200,329도,POINT (195215.2395761345 545404.9287556728),195215.23957613448,545404.9287556728
590,10200,329도,POINT (195229.7531053143 545399.0757308071),195229.7531053143,545399.0757308071
590,10800,466-10대,POINT (193341.2026606368 545061.4521901724),193341.2026606368,545061.4521901724
590,10800,466-10대,POINT (193301.4977698438 544963.6175801612),193301.4977698438,544963.6175801612
590,10800,335-11도,POINT (193647.354919756 544489.7965606782),193647.354919756,544489.7965606782
590,10800,466-26도,POINT (193653.58722981 544453.4323851656),193653.58722981,544453.4323851656
590,10200,329도,POINT (195244.1736523352 545405.5910290123),195244.1736523352,545405.5910290122
590,10100,323-1도,POINT (195353.1855651693 545411.8576213598),195353.1855651693,545411.8576213598
590,10100,217-30대,POINT (195321.9348265829 545433.6565486731),195321.9348265829,545433.6565486732
590,10100,90-2도,POINT (195075.102966635 545805.2581600235),195075.102966635,545805.2581600235
590,10100,224도,POINT (195117.2730459606 545672.1873901532),195117.27304596058,545672.1873901532
590,10500,204-136구,POINT (196400.3031642841 545304.9361947412),196400.3031642841,545304.9361947412
590,10800,408-5천,POINT (193662.040496467 544389.1984686169),193662.040496467,544389.1984686169
590,10900,349-35도,POINT (193632.3808792378 544343.2680710281),193632.3808792378,544343.2680710282
590,10900,345-6도,POINT (193644.7756088285 544327.2374555873),193644.77560882852,544327.2374555873
590,10800,336-1도,POINT (193840.1896880091 544466.5666817409),193840.1896880091,544466.5666817409
590,10200,417 대,POINT (193858.114136737 544482.998554604),193858.114136737,544482.998554604
590,10200,356-27대,POINT (193969.9367615617 544550.5662216886),193969.93676156172,544550.5662216886
590,10800,466-61 도,POINT (193515.0872201734 544471.6160446916),193515.0872201734,544471.6160446915
590,10800,390-6 학,POINT (193149.835743382 544482.3326683739),193149.835743382,544482.332668374
590,10200,248-20도,POINT (194027.5266369511 544503.2828944747),194027.5266369511,544503.2828944747
590,10500,86-181 도,POINT (196534.8117314564 545017.8786596314),196534.8117314564,545017.8786596314
590,10500,245-1학,POINT (196535.4357155452 544939.2749993769),196535.4357155452,544939.2749993769
590,10900,395공,POINT (192758.9462222965 543964.6305102698),192758.94622229648,543964.6305102698
590,10200,187-2도,POINT (194336.5650298988 544824.6494586124),194336.56502989877,544824.6494586124
590,10200,364-22 도,POINT (194404.6916636116 544903.3013495659),194404.6916636116,544903.301349566
590,10200,366-27도,POINT (194494.0503510039 544948.2589153375),194494.0503510039,544948.2589153375
590,10200,315-127대,POINT (194498.3251756002 544964.3159728592),194498.32517560018,544964.3159728593
590,10200,313-109대,POINT (194501.7194476901 544989.4112564384),194501.71944769012,544989.4112564385
590,10200,364-10 도,POINT (194461.7353201945 545026.1037588383),194461.73532019448,545026.1037588383
590,10500,4도,POINT (196790.2260241921 545453.2943666675),196790.22602419212,545453.2943666675
590,10500,102-140도,POINT (196725.9892218771 545411.0128557429),196725.9892218771,545411.0128557429
590,10500,114-22도,POINT (196740.1358131119 545559.1816635364),196740.1358131119,545559.1816635364
590,10500,116-26도,POINT (196744.7117207697 545577.9736392041),196744.7117207697,545577.973639204
590,10200,34-60대,POINT (195189.8838417212 544676.0903239226),195189.88384172122,544676.0903239226
590,10200,207-4대,POINT (195027.0216461521 544424.7296703645),195027.0216461521,544424.7296703645
590,10200,408-9도,POINT (196158.9640353252 543745.6767583756),196158.9640353252,543745.6767583756
590,10200,164-7대,POINT (194947.7994183904 544493.6956275521),194947.79941839038,544493.6956275521
590,10300,315-12대,POINT (195731.0828907057 544306.7664751539),195731.0828907057,544306.7664751539
590,10300,315-3대,POINT (195758.6250897989 544327.7793000821),195758.6250897989,544327.7793000821
590,10600,산29-3임,POINT (198499.9077779368 544201.9194486502),198499.9077779368,544201.9194486502
590,10300,511 학,POINT (196038.1892992615 543864.437650601),196038.1892992615,543864.437650601
590,10400,475-1도,POINT (196098.0153595749 546046.5265563607),196098.01535957487,546046.5265563607
590,10300,431 대,POINT (195949.6616489645 544025.0249693717),195949.66164896448,544025.0249693717
590,10300,431 대,POINT (195983.7920674475 544020.3443988833),195983.7920674475,544020.3443988833
590,10300,431 대,POINT (195961.4553348363 543978.4760294232),195961.4553348363,543978.4760294232
590,10300,422 대,POINT (196144.7262757531 543992.3404858668),196144.72627575308,543992.3404858668
590,10300,102-2도,POINT (196163.6312500736 543978.4971838689),196163.63125007358,543978.4971838689
590,10200,329도,POINT (194985.6746877266 545375.3690351913),194985.6746877266,545375.3690351914
590,10200,329-4도,POINT (194961.2593791814 545323.2365693243),194961.2593791814,545323.2365693243
590,10300,421 대,POINT (196185.7919406265 543984.3304778597),196185.79194062648,543984.3304778597
590,10200,312-6 대,POINT (194608.4726900061 545045.9171845496),194608.4726900061,545045.9171845496
590,10200,313-8대,POINT (194533.1994048046 545002.3212475955),194533.19940480462,545002.3212475955
590,10200,365-8도,POINT (194539.1932394317 544984.0673894716),194539.1932394317,544984.0673894716
590,10200,368-60도,POINT (194602.3319599501 545017.4785028055),194602.33195995013,545017.4785028055
590,10300,500-1도,POINT (195771.1349936083 545167.9792970103),195771.13499360828,545167.9792970103
590,10300,508-1도,POINT (195682.0006560635 545240.779246248),195682.00065606352,545240.779246248
590,10200,441-11학,POINT (195396.4529358718 545304.9700172328),195396.45293587178,545304.9700172328
590,10100,493 학,POINT (195412.9085718193 545321.1079469689),195412.9085718193,545321.1079469689
590,10100,493 학,POINT (195424.6845582691 545317.2615620362),195424.6845582691,545317.2615620361
590,10100,324-2도,POINT (195461.6046167084 545352.9928661027),195461.60461670838,545352.9928661027
590,10100,50-1도,POINT (194705.2607364362 545856.0286564308),194705.2607364362,545856.0286564308
590,10100,15-30 대,POINT (194704.6166793963 545820.1500120369),194704.61667939628,545820.1500120369
590,10100,56-26대,POINT (194712.7598248219 545627.3898431106),194712.7598248219,545627.3898431106
590,10100,231-124도,POINT (194716.2255690483 545430.7895733906),194716.22556904829,545430.7895733906
590,10500,10-5도,POINT (197072.3746129106 545293.7567837308),197072.3746129106,545293.7567837308
590,10500,9-22도,POINT (196986.0589355774 545301.5190910915),196986.05893557737,545301.5190910915
590,10200,329-3도,POINT (194811.052596602 545156.5421840583),194811.05259660198,545156.5421840582
590,10200,329-3도,POINT (194838.773122276 545184.2896636651),194838.773122276,545184.2896636651
590,10200,329-3도,POINT (194817.3519231144 545169.9848796525),194817.35192311442,545169.9848796525
590,10200,329-3도,POINT (194847.4528390512 545213.2636961393),194847.4528390512,545213.2636961393
590,10200,329-3도,POINT (194862.6260364899 545232.590596361),194862.62603648988,545232.590596361
590,10200,329-3도,POINT (194878.7348043582 545239.1421231638),194878.73480435822,545239.1421231638
590,10200,329-3도,POINT (194865.0066050575 545246.9760011501),194865.0066050575,545246.9760011501
590,10200,329-3도,POINT (194888.8037396522 545241.3690465541),194888.80373965218,545241.3690465541
590,10200,329-3도,POINT (194927.2173066872 545284.4922287222),194927.21730668718,545284.4922287222
590,10200,329-3도,POINT (194927.5674417769 545294.1331609846),194927.56744177692,545294.1331609846
590,10500,143-57 도,POINT (196584.7866298947 545744.8902836336),196584.7866298947,545744.8902836336
590,10500,331천,POINT (196713.5638698396 545564.7629928951),196713.56386983962,545564.7629928951
590,10500,259천,POINT (196616.3988886147 545481.7873883613),196616.3988886147,545481.7873883613
590,10200,126-124 도,POINT (196106.6496168635 543822.7202450028),196106.64961686352,543822.7202450028
590,10900,4533대,POINT (192173.3273637503 544002.0715690907),192173.32736375032,544002.0715690907
590,10300,36-1대,POINT (195390.7529108704 544872.0786134742),195390.7529108704,544872.0786134743
590,10300,36-1대,POINT (195411.2174908628 544857.7619902414),195411.21749086282,544857.7619902414
590,10300,414대,POINT (195539.7579221015 544969.3963490637),195539.75792210147,544969.3963490637
590,10300,,POINT (196078.6790241114 543864.7654032072),196078.6790241114,543864.7654032072
590,10200,363-262 도,POINT (194465.5353721015 545033.6062801655),194465.5353721015,545033.6062801655
590,10200,294-520대,POINT (194342.7594626753 545168.7353957916),194342.7594626753,545168.7353957916
590,10200,446-5 대,POINT (194230.6809079393 545132.8234249643),194230.6809079393,545132.8234249643
590,10200,363-27대,POINT (194283.2833436226 545141.8225266166),194283.2833436226,545141.8225266165
590,10200,446-8 대,POINT (194223.9868400519 545141.2407230885),194223.98684005192,545141.2407230885
590,10200,446-9 대,POINT (194235.0245925971 545146.5824228529),194235.0245925971,545146.5824228529
590,10200,294-37 대,POINT (194235.8304638522 545160.8719290027),194235.83046385218,545160.8719290027
590,10200,294-533대,POINT (194240.9880110617 545179.0255958611),194240.9880110617,545179.0255958611
590,10200,294-33대,POINT (194247.3564879188 545202.9599335553),194247.3564879188,545202.9599335553
590,10200,294-33대,POINT (194252.0406149933 545215.9526455614),194252.04061499328,545215.9526455614
590,10200,산10-7임,POINT (194338.2447372484 545210.0284177508),194338.2447372484,545210.0284177507
590,10400,383천,POINT (196082.372212621 546013.3391815424),196082.372212621,546013.3391815424
590,10400,258-49도,POINT (196089.9600896273 546023.6301732177),196089.9600896273,546023.6301732177
590,10800,4-1도,POINT (194117.7444385807 545155.6056220032),194117.7444385807,545155.6056220032
590,10800,466-1도,POINT (193395.9211403434 545831.4333146518),193395.9211403434,545831.4333146518
590,10700,산32-111임,POINT (196643.9460009952 542892.3116785953),196643.9460009952,542892.3116785953
590,10700,산24-17임,POINT (197815.2696004919 542937.4561841456),197815.2696004919,542937.4561841456
590,10700,708-535 도,POINT (196752.524602946 543252.671673729),196752.524602946,543252.671673729
590,10900,349-35도,POINT (193280.9114593508 544262.6937988033),193280.91145935078,544262.6937988033
590,10900,395-61도,POINT (193355.6771526976 543685.832273851),193355.6771526976,543685.832273851
590,10700,1133-11 도,POINT (197507.6857593386 543313.4250442046),197507.68575933858,543313.4250442046
590,10700,708-820 천,POINT (197411.6316916163 543376.5256785995),197411.6316916163,543376.5256785995
590,10200,산51-10임,POINT (196483.4176218172 543836.071459391),196483.41762181718,543836.071459391
590,10200,412 대,POINT (196471.3695341368 543830.0490897376),196471.3695341368,543830.0490897376
590,10700,208-6대,POINT (197086.1100847714 543124.8372218328),197086.1100847714,543124.8372218328
590,10800,466-55도,POINT (193524.6113606854 545727.8287539344),193524.6113606854,545727.8287539344
590,10800,466-55도,POINT (193503.1371797569 545725.0962989712),193503.13717975692,545725.0962989712
590,10700,2279도,POINT (198410.3543438778 543123.8043868821),198410.3543438778,543123.8043868821
590,10700,1809도,POINT (198404.7918457201 543015.1179804285),198404.79184572012,543015.1179804285
590,10700,2249도,POINT (198422.3039108187 543256.7605994152),198422.3039108187,543256.7605994153
590,10900,425-20도,POINT (193405.4474313463 543705.3456509833),193405.44743134629,543705.3456509833
590,10700,1133대,POINT (197398.1572699086 543376.5428020934),197398.15726990858,543376.5428020934
590,10200,505-3 대,POINT (196155.0576725532 543661.3723681942),196155.0576725532,543661.3723681942
590,10700,200전,POINT (197001.737271558 543207.4587436632),197001.737271558,543207.4587436632
590,10700,105대,POINT (197790.9385588355 543414.5674804176),197790.9385588355,543414.5674804176
590,10700,105대,POINT (197843.4027224305 543477.4562993519),197843.4027224305,543477.4562993519
590,10700,105대,POINT (197853.5770324355 543477.7483924635),197853.5770324355,543477.7483924635
590,10700,200-15대,POINT (197017.1402839018 543228.0198275906),197017.1402839018,543228.0198275907
590,10200,157-50도,POINT (195131.6582060826 544826.2121013604),195131.65820608262,544826.2121013604
590,10200,157-50도,POINT (195127.3661304554 544858.4498664887),195127.3661304554,544858.4498664887
590,10200,215-38구,POINT (194945.7151013563 543998.83011639),194945.7151013563,543998.83011639
590,10100,324-2도,POINT (195489.5364011806 545455.4917953992),195489.53640118058,545455.4917953992
590,10400,126-20도,POINT (195914.3603846471 545868.3782038576),195914.36038464712,545868.3782038576
590,10200,182-16대,POINT (194687.2869319801 544816.6131681015),194687.2869319801,544816.6131681015
590,10300,508-1도,POINT (195735.7884605585 545323.7310022295),195735.7884605585,545323.7310022295
590,10700,3097대,POINT (198381.9237420548 542474.9801694351),198381.92374205482,542474.980169435
590,10700,442-1대,POINT (198356.489875682 541981.4494319602),198356.489875682,541981.4494319602
590,10700,440-7대,POINT (198364.4847649882 542100.758927273),198364.4847649882,542100.758927273
590,10100,817 대,POINT (198715.5126035912 544384.5332149435),198715.51260359123,544384.5332149435
590,10200,259-4 도,POINT (194218.1775801522 544255.0743218518),194218.1775801522,544255.0743218518
590,10800,23-186대,POINT (193743.1929438082 545758.8588800589),193743.19294380822,545758.8588800589
590,10800,23-105도,POINT (193729.8033479802 545763.1231256223),193729.8033479802,545763.1231256223
590,10300,421-2 도,POINT (196341.7064239043 543955.3000677972),196341.7064239043,543955.3000677972
590,10300,산49-1임,POINT (196393.7090066483 543945.8679346581),196393.70900664828,543945.8679346581
590,10300,산49-118임,POINT (196522.3809992414 543923.2537893486),196522.3809992414,543923.2537893486
590,10300,50-1도,POINT (196533.861670021 543910.3017164854),196533.86167002103,543910.3017164854
590,10700,1133-11 도,POINT (197496.150408075 543321.3250851285),197496.150408075,543321.3250851285
590,10100,324-2도,POINT (195402.5863570041 545261.6936231087),195402.5863570041,545261.6936231087
590,10200,84-1구,POINT (196284.4528621259 544239.7807760653),196284.4528621259,544239.7807760653
590,10800,375-1학,POINT (193628.4211304022 544738.9450355581),193628.4211304022,544738.9450355581
590,10800,375-1학,POINT (193629.7095688495 544729.7027847208),193629.7095688495,544729.7027847208
590,10800,407-9제,POINT (193007.332140998 544320.6843305518),193007.332140998,544320.6843305518
590,10900,349-35도,POINT (193489.4636041362 544289.8748778863),193489.46360413622,544289.8748778864
590,10500,239-121대,POINT (196452.010182624 544508.9148966458),196452.01018262398,544508.9148966458
590,10200,211-437도,POINT (195140.1906005106 544426.2290163402),195140.1906005106,544426.2290163402
590,10200,204-331임,POINT (195084.9284287107 544448.4593925009),195084.9284287107,544448.4593925009
590,10200,159-75대,POINT (195103.7393702829 544394.0768393925),195103.73937028288,544394.0768393925
590,10900,349-35도,POINT (193302.4241232899 544264.8516085857),193302.42412328988,544264.8516085857
590,10900,349-35도,POINT (193399.3839716259 544277.4426650564),193399.3839716259,544277.4426650564
590,10200,210-17도,POINT (195015.1170677999 544333.578937015),195015.11706779987,544333.578937015
590,10200,521-1 공,POINT (194858.8748675146 544572.2175410704),194858.87486751462,544572.2175410704
590,10200,157-53도,POINT (195140.4031950033 544875.3196991057),195140.40319500328,544875.3196991057
590,10200,157-50도,POINT (195128.6263628635 544819.7611636491),195128.62636286352,544819.761163649
590,10200,157-50도,POINT (195137.9184796547 544825.746719901),195137.91847965468,544825.746719901
590,10200,159-257 대,POINT (195167.210694069 544783.0487751594),195167.21069406898,544783.0487751594
590,10200,347-6도,POINT (194047.3365386114 544623.940603859),194047.33653861142,544623.940603859
590,10200,214-1도,POINT (194994.1928650446 544010.6447166787),194994.1928650446,544010.6447166787
590,10600,89-6천,POINT (198543.1403302369 544267.9260663028),198543.1403302369,544267.9260663028
590,10300,528-1도,POINT (195550.680405202 545061.3493837813),195550.680405202,545061.3493837813
590,10700,산32-111임,POINT (196648.2703268219 542906.4337264075),196648.27032682192,542906.4337264075
590,10400,215도,POINT (195664.9435195859 545612.2502583138),195664.9435195859,545612.2502583138
590,10400,148-9 도,POINT (195641.4079752751 545535.0038043181),195641.40797527513,545535.0038043181
590,10400,457-257수,POINT (195654.6986631326 545526.0697610513),195654.6986631326,545526.0697610513
590,10400,457-292대,POINT (195529.4228077104 545555.0809619464),195529.4228077104,545555.0809619464
590,10400,344-1임,POINT (195581.1397538399 545669.6582609027),195581.13975383987,545669.6582609027
590,10500,233학,POINT (196557.55724026 545191.0466427762),196557.55724026,545191.0466427762
590,10500,204-136구,POINT (196335.1970505173 545270.9936099979),196335.1970505173,545270.9936099979
590,10300,528-1도,POINT (195542.3911192513 545029.1160798592),195542.3911192513,545029.1160798592
590,10200,201-98 대,POINT (194816.9975067 544648.0773057605),194816.99750670002,544648.0773057605
590,10200,125-2대,POINT (195880.0467519674 544270.9607715775),195880.04675196737,544270.9607715775
590,10200,125-4대,POINT (195888.8830168757 544303.1627763511),195888.8830168757,544303.1627763511
590,10200,74-34대,POINT (195874.6497934656 544314.6419342697),195874.6497934656,544314.6419342697
590,10300,126-2대,POINT (195859.2718755866 544253.9612482786),195859.2718755866,544253.9612482786
590,10200,126-1대,POINT (195843.3967567515 544274.6327066872),195843.3967567515,544274.6327066872
590,10800,1116대,POINT (193102.5930508715 544947.2646483798),193102.59305087148,544947.2646483798
590,10800,390-5학,POINT (192959.1048979737 544367.1820776255),192959.1048979737,544367.1820776254
590,10900,492-138도,POINT (192285.7778987229 544097.6014180254),192285.77789872288,544097.6014180254
590,10900,948-1 대,POINT (191857.0154576512 543458.9933300971),191857.0154576512,543458.9933300971
590,10900,989-12대,POINT (191568.6301687573 543041.1238495982),191568.6301687573,543041.1238495982
590,10900,989-10대,POINT (191579.1081393509 543034.1932251368),191579.1081393509,543034.1932251368
590,10200,55-41대,POINT (195913.0300044887 544643.1246459989),195913.0300044887,544643.1246459989
590,10200,55-40대,POINT (195899.3981447107 544654.1206656829),195899.3981447107,544654.120665683
590,10200,55-197대,POINT (195965.8978830685 544849.350956711),195965.8978830685,544849.350956711
590,10200,54-15공,POINT (195913.3854378861 544953.2463188005),195913.38543788609,544953.2463188005
590,10500,211-38도,POINT (195929.2465505053 545073.207224816),195929.2465505053,545073.207224816
590,10100,55-2 도,POINT (194704.890390595 545928.1737126275),194704.890390595,545928.1737126275
590,10200,229-131대,POINT (194735.940814581 545062.2509986612),194735.940814581,545062.2509986612
590,10200,126-1대,POINT (195861.519756065 544269.6513580371),195861.519756065,544269.6513580371
590,10300,528-1도,POINT (195757.4006528048 545051.8990918056),195757.4006528048,545051.8990918057
590,10300,528-1도,POINT (195751.4039121526 545041.1377141612),195751.40391215263,545041.1377141612
590,10300,589-2도,POINT (195673.3304546193 545042.4835400993),195673.3304546193,545042.4835400993
590,10300,528-1도,POINT (195674.5124872286 545032.3532523907),195674.51248722858,545032.3532523907
590,10900,618-37임,POINT (192278.7907849685 543146.0907728397),192278.79078496853,543146.0907728397
590,10300,36-1대,POINT (195392.5128449539 544839.8614098481),195392.51284495392,544839.8614098481
590,10300,36-1대,POINT (195391.5926314692 544813.789371023),195391.59263146922,544813.789371023
590,10400,126-20도,POINT (195974.8010184804 545875.5784069068),195974.8010184804,545875.5784069068
590,10400,136-2도,POINT (195935.1830964248 545810.3475890445),195935.1830964248,545810.3475890445
590,10400,47-42도,POINT (195957.972663255 545798.7593831655),195957.972663255,545798.7593831655
590,10400,136-82대,POINT (195879.0918322314 545686.0062417455),195879.0918322314,545686.0062417454
590,10800,23-166대,POINT (193995.2661896418 545554.2348714953),193995.26618964178,545554.2348714953
590,10800,11-4도,POINT (194011.2786279174 545289.1297534393),194011.27862791737,545289.1297534393
590,10100,232-186도,POINT (194722.0464631812 545610.2575330653),194722.0464631812,545610.2575330653
590,10700,1092도,POINT (198074.9274196637 542610.835416715),198074.9274196637,542610.835416715
590,10700,1092도,POINT (198079.6627606515 542604.8458695754),198079.6627606515,542604.8458695754
590,10700,1092도,POINT (198069.018614692 542604.6993788037),198069.018614692,542604.6993788037
590,10700,1094도,POINT (198074.0588021509 542596.150033496),198074.0588021509,542596.150033496
590,10700,1094도,POINT (198065.8485515083 542548.4550322403),198065.84855150827,542548.4550322404
590,10700,1094도,POINT (198071.0831731953 542540.6996801379),198071.0831731953,542540.6996801379
590,10700,1094도,POINT (198071.8873363587 542554.483436606),198071.88733635872,542554.483436606
590,10700,1094도,POINT (198069.1697450085 542498.9468361177),198069.16974500852,542498.9468361178
590,10700,1094도,POINT (198064.8423566118 542490.241053066),198064.8423566118,542490.241053066
590,10700,1095도,POINT (198073.5118723238 542490.9374262613),198073.51187232378,542490.9374262614
590,10700,1095도,POINT (198068.0086553593 542482.9402378428),198068.0086553593,542482.9402378428
590,10700,1091도,POINT (198195.7457982349 542594.6560928758),198195.7457982349,542594.6560928758
590,10700,1096도,POINT (198188.2788981591 542489.7872429019),198188.2788981591,542489.7872429019
590,10700,1096도,POINT (198180.2761614055 542484.9804884226),198180.27616140552,542484.9804884226
590,10700,1096도,POINT (198189.899856241 542479.0165947702),198189.899856241,542479.0165947702
590,10700,산10-5임,POINT (197862.5154332574 543737.095719984),197862.5154332574,543737.095719984
590,10700,산10-5임,POINT (197853.7950684501 543733.1833896304),197853.79506845013,543733.1833896304
590,10700,708-498천,POINT (197936.5853662525 543692.0479251146),197936.5853662525,543692.0479251146
590,10700,56-12도,POINT (197924.8490780269 543702.6833240121),197924.84907802692,543702.6833240121
590,10700,59-14도,POINT (197949.2891715147 543664.0014805635),197949.28917151468,543664.0014805635
590,10700,59-22도,POINT (197951.2552420008 543630.245869361),197951.25524200077,543630.245869361
590,10700,59-23도,POINT (197944.8776344561 543599.7519978464),197944.8776344561,543599.7519978464
590,10700,1137-6도,POINT (197924.0399215644 543550.7309595661),197924.03992156443,543550.7309595661
590,10600,331 대,POINT (198072.8446899278 543904.7861500132),198072.84468992782,543904.7861500132
590,10500,259천,POINT (196620.1357580174 545497.3450896664),196620.1357580174,545497.3450896664
590,10900,500-8도,POINT (192642.3290476506 544165.076805703),192642.3290476506,544165.076805703
590,10800,68-10구,POINT (193756.0146627221 545317.6422185448),193756.0146627221,545317.6422185447
590,10800,15-45공,POINT (193696.0768555866 545273.6216457735),193696.0768555866,545273.6216457735
590,10800,15-45공,POINT (193685.5480399261 545271.9710015603),193685.5480399261,545271.9710015603
590,10800,101-29도,POINT (193629.2518762935 545941.4614551626),193629.2518762935,545941.4614551626
590,10500,9-22도,POINT (196994.8613934428 545330.5924516115),196994.8613934428,545330.5924516115
590,10500,9-22도,POINT (197008.86354338 545323.2001124776),197008.86354338,545323.2001124775
590,10500,260천,POINT (197009.692324817 545289.4031852428),197009.692324817,545289.4031852428
590,10500,9-22도,POINT (197027.1645659304 545282.4881605022),197027.1645659304,545282.4881605022
590,10500,79-201대,POINT (196496.0410033803 544616.4980859417),196496.04100338032,544616.4980859418
590,10500,86-93도,POINT (196547.7342700585 544916.948008402),196547.7342700585,544916.948008402
590,10300,528-1도,POINT (195563.5302063658 545073.8267599244),195563.53020636577,545073.8267599244
590,10100,324-2도,POINT (195502.1244460023 545456.2202200175),195502.1244460023,545456.2202200175
590,10400,467-77대,POINT (195493.9532068758 545472.5248275812),195493.95320687577,545472.5248275811
590,10500,86-93도,POINT (196539.8364240117 545009.9239722342),196539.8364240117,545009.9239722342
590,10300,528-1도,POINT (195622.7678869228 545051.6316490223),195622.7678869228,545051.6316490222
590,10400,135-9도,POINT (195929.5976017104 545806.8462997905),195929.59760171038,545806.8462997904
590,10800,466-55도,POINT (193516.8400770385 545720.5492479209),193516.8400770385,545720.549247921
590,10900,686-4대,POINT (191844.4498723615 543164.3387398028),191844.4498723615,543164.3387398028
590,10900,375-11도,POINT (192854.8191264989 544214.4149105913),192854.81912649891,544214.4149105913
590,10900,591-47대,POINT (191891.6953125 543130.84375),191891.6953125,543130.84375
590,10900,607-55대,POINT (191860.3001403824 543100.583311878),191860.30014038237,543100.5833118779
590,10800,466-56도,POINT (193468.5730271138 545207.0425955553),193468.5730271138,545207.0425955553
590,10800,466-43도,POINT (193168.8222031851 544966.3350927609),193168.82220318512,544966.335092761
590,10900,686-71대,POINT (191767.0705775889 543027.1115042764),191767.0705775889,543027.1115042764
590,10900,686-71대,POINT (191769.3749893854 543041.2923389925),191769.3749893854,543041.2923389925
590,10900,686-71대,POINT (191736.6852524203 543028.2617925343),191736.6852524203,543028.2617925343
590,10100,14-37철,POINT (194725.7089887829 545826.0163155529),194725.7089887829,545826.0163155529
590,10900,686-71대,POINT (191847.3191879266 543068.1033322619),191847.3191879266,543068.1033322619
590,10800,466-56도,POINT (193346.1643760466 545153.6267444999),193346.1643760466,545153.6267444999
590,10400,344-1임,POINT (195558.612447079 545668.8391912521),195558.61244707898,545668.8391912521
590,10400,258-58수,POINT (195747.1378842818 546130.9495036302),195747.1378842818,546130.9495036303
590,10400,258-58수,POINT (195733.3602897986 546131.2044631911),195733.36028979858,546131.2044631911
590,10900,395-61도,POINT (193263.4541836928 543585.7048886868),193263.4541836928,543585.7048886868
590,10400,482대,POINT (195692.1668091643 546123.937681959),195692.1668091643,546123.937681959
590,10400,226-2도,POINT (195775.3186825307 545933.1919290439),195775.3186825307,545933.1919290439
590,10400,344-10 도,POINT (195791.62137513 545933.3980973455),195791.62137513,545933.3980973455
590,10500,38-27대,POINT (197021.2844502782 545143.5283669077),197021.2844502782,545143.5283669077
590,10200,193-77대,POINT (194436.3800346783 544642.0412911481),194436.3800346783,544642.0412911482
590,10100,114-2도,POINT (195076.3264618446 546016.8759119202),195076.3264618446,546016.8759119202
590,10400,258-68수,POINT (195750.3426382275 546036.5588515813),195750.3426382275,546036.5588515813
590,10400,474천,POINT (195748.7983269585 546050.1679184735),195748.79832695852,546050.1679184735
590,10400,258-68수,POINT (195741.2494483863 546061.3706172856),195741.24944838628,546061.3706172856
590,10400,324천,POINT (195680.4779018111 546124.2671843797),195680.4779018111,546124.2671843797
590,10400,482대,POINT (195711.6428797805 546106.5367881118),195711.6428797805,546106.5367881118
590,10400,280-1대,POINT (195637.6466454204 546153.1794168451),195637.64664542038,546153.1794168451
590,10400,280-1대,POINT (195644.8482264794 546141.5865155766),195644.8482264794,546141.5865155766
590,10400,482대,POINT (195593.0238940579 546178.6638887418),195593.0238940579,546178.6638887418
590,10400,251-6대,POINT (195705.0896400188 546060.433346812),195705.0896400188,546060.433346812
590,10400,251-6대,POINT (195707.0584942609 546049.6391245528),195707.05849426088,546049.6391245528
590,10400,253대,POINT (195717.3373994786 546048.8247072047),195717.3373994786,546048.8247072047
590,10400,258-31대,POINT (195740.2328528715 546021.5824199007),195740.23285287147,546021.5824199007
590,10400,258-19수,POINT (195740.8681119718 546000.5793570378),195740.8681119718,546000.5793570378
590,10400,474천,POINT (195759.168160307 546041.9879605981),195759.168160307,546041.9879605981
590,10200,363-141대,POINT (194361.1147122962 544856.4774775639),194361.1147122962,544856.4774775639
590,10900,349-35도,POINT (193539.2014631135 544307.9212557715),193539.2014631135,544307.9212557715
590,10900,460-43임,POINT (192782.847793809 543884.7642319807),192782.847793809,543884.7642319807
590,10800,677대,POINT (192956.5590356743 544484.1158638959),192956.5590356743,544484.115863896
590,10300,535-1대,POINT (195679.772803671 545230.2267860414),195679.77280367102,545230.2267860414
590,10300,528-1도,POINT (195658.6947318896 545229.9428253606),195658.6947318896,545229.9428253606
590,10700,175도,POINT (197440.0870762166 543373.4596933066),197440.08707621662,543373.4596933066
590,10700,708-820 천,POINT (197450.4841456474 543359.9616460898),197450.48414564738,543359.9616460898
590,10200,24-79대,POINT (195108.0042459258 545177.6966919106),195108.00424592578,545177.6966919106
590,10200,24-48대,POINT (195054.3169879849 545186.532321422),195054.31698798487,545186.532321422
590,10200,산17-20임,POINT (195033.300262653 545181.552476811),195033.300262653,545181.552476811
590,10200,24-60대,POINT (195023.9711996505 545174.9767427953),195023.97119965052,545174.9767427953
590,10200,산17-1임,POINT (194994.5240199232 545182.9468060997),194994.5240199232,545182.9468060997
590,10700,1135-1도,POINT (197160.6866545383 543049.4136647918),197160.6866545383,543049.4136647918
590,10700,202-9대,POINT (196884.2807509797 543153.9450871737),196884.2807509797,543153.9450871737
590,10100,311-4도,POINT (194649.233451547 545163.1161039626),194649.23345154698,545163.1161039625
590,10500,259-2도,POINT (196583.9897707328 545460.7413764854),196583.98977073282,545460.7413764854
590,10900,357-3대,POINT (193459.4190044213 544293.9157475493),193459.4190044213,544293.9157475493
590,10900,349-35도,POINT (193580.5345648943 544315.1118542843),193580.5345648943,544315.1118542843
590,10200,329도,POINT (194985.5342248429 545390.2744798044),194985.53422484288,545390.2744798043
590,10200,327-14대,POINT (193863.5063842331 544495.4316918903),193863.5063842331,544495.4316918903
590,10200,159-485 대,POINT (194986.6469358265 544641.0162763485),194986.6469358265,544641.0162763485
590,10200,159-485 대,POINT (194924.5672229427 544648.753410031),194924.5672229427,544648.753410031
590,10200,159-290대,POINT (194908.8363448766 544658.7004663924),194908.8363448766,544658.7004663924
590,10200,159-297대,POINT (194921.4758717438 544702.7916511351),194921.47587174378,544702.7916511351
590,10200,159-485 대,POINT (194892.3589390575 544651.8973079062),194892.3589390575,544651.8973079062
590,10200,157-25대,POINT (195120.0884845455 544588.2296808256),195120.0884845455,544588.2296808256
590,10200,173-9대,POINT (195145.8754605781 544708.7054610437),195145.8754605781,544708.7054610436
590,10200,29-2대,POINT (195163.1014627552 544664.7446162329),195163.1014627552,544664.7446162329
590,10200,154-1대,POINT (195158.1071482968 544628.6566605743),195158.1071482968,544628.6566605743
590,10700,708-291대,POINT (198240.1107007141 542757.7500273747),198240.1107007141,542757.7500273747
590,10700,708-337대,POINT (198311.7323236963 542753.5002480836),198311.73232369628,542753.5002480836
590,10700,708-287대,POINT (198321.4091505275 542761.3829195411),198321.4091505275,542761.3829195411
590,10500,224-1학,POINT (196536.1883957468 545347.1402615781),196536.1883957468,545347.1402615781
590,10500,95-177도,POINT (196675.1351178326 545270.9585364463),196675.13511783263,545270.9585364463
590,10500,95-1대,POINT (196658.2898059171 545215.6943998616),196658.2898059171,545215.6943998616
590,10700,708-286천,POINT (198333.0319784927 542758.2453810638),198333.03197849268,542758.2453810638
590,10500,224-1학,POINT (196548.5082151682 545347.2266939438),196548.5082151682,545347.2266939438
590,10200,55-97대,POINT (195953.507100996 544834.6335748127),195953.507100996,544834.6335748128
590,10400,475-1도,POINT (196167.7698405549 546000.9333407979),196167.7698405549,546000.9333407979
590,10200,356-36대,POINT (194007.477847093 544593.2148203593),194007.47784709302,544593.2148203593
590,10200,26-34도,POINT (194941.1540597811 545097.0929282286),194941.15405978108,545097.0929282286
590,10700,,POINT (197574.3133518521 543376.8871144088),197574.31335185212,543376.8871144088
590,10200,,POINT (195558.3816766272 544525.894053974),195558.38167662718,544525.894053974
590,10300,656-1 도,POINT (195569.90822697 544600.4267249353),195569.90822697,544600.4267249353
590,10300,528-1도,POINT (195490.2919570075 544653.5946945633),195490.2919570075,544653.5946945633
590,10300,108-15도,POINT (196060.1040992559 543830.9367003368),196060.1040992559,543830.9367003368
590,10300,419-1대,POINT (195673.7140595736 544450.5030734135),195673.7140595736,544450.5030734135
590,10900,391-38대,POINT (193414.53125 544382.3125),193414.53125,544382.3125
590,10900,390-5학,POINT (193135.938950778 544272.1686760546),193135.938950778,544272.1686760546
590,10200,56-87대,POINT (195906.7248030441 544475.3122062567),195906.7248030441,544475.3122062567
590,10800,508 대,POINT (193709.822552516 545504.8742255877),193709.822552516,545504.8742255877
590,10600,316-3천,POINT (198252.0753922204 545168.2466738656),198252.0753922204,545168.2466738656
590,10600,316-3천,POINT (198222.5945819944 545051.547766056),198222.5945819944,545051.547766056
590,10600,205-15도,POINT (197841.5405104326 544912.0155508985),197841.54051043262,544912.0155508985
590,10600,131-1도,POINT (198046.5566939058 544727.380146292),198046.5566939058,544727.380146292
590,10500,4도,POINT (196861.4014558109 545425.4971799075),196861.4014558109,545425.4971799075
590,10200,230-14대,POINT (194663.2551724245 545069.8786456551),194663.25517242448,545069.8786456551
590,10500,,POINT (196859.8867122549 544833.1962135009),196859.88671225487,544833.1962135009
590,10500,,POINT (196874.3489433104 544857.9353644331),196874.34894331038,544857.9353644331
590,10300,56-102대,POINT (195814.4275792067 544217.5427548609),195814.4275792067,544217.542754861
590,10600,55-3도,POINT (198448.0281070311 543817.0396726115),198448.0281070311,543817.0396726115
590,10600,59-4대,POINT (198089.8561137634 543912.9564146597),198089.8561137634,543912.9564146597
590,10500,28-5도,POINT (197534.3358513392 545153.7859009219),197534.33585133922,545153.7859009219
590,10500,86-93도,POINT (196476.3920774611 544656.4724269821),196476.3920774611,544656.4724269821
590,10500,250-1도,POINT (196483.7624567809 544707.0209998058),196483.7624567809,544707.0209998058
590,10500,253-79임,POINT (196473.3726608766 544696.2646390593),196473.3726608766,544696.2646390593
590,10500,253-79임,POINT (196471.4759296203 544645.7672815559),196471.47592962033,544645.7672815559
590,10300,167대,POINT (195786.1666940019 544221.9404815282),195786.1666940019,544221.9404815282
590,10300,213-4대,POINT (195777.1548030519 544202.1193050211),195777.1548030519,544202.1193050211
590,10300,231-1도,POINT (195764.2358457247 544221.2621942385),195764.23584572467,544221.2621942385
590,10200,464-18 대,POINT (195705.0688317141 544188.6975138271),195705.0688317141,544188.6975138271
590,10300,356-3대,POINT (195642.0706804164 544189.7037285168),195642.0706804164,544189.7037285168
590,10200,266-1대,POINT (195608.919100174 544196.191996755),195608.91910017398,544196.191996755
590,10200,265-1대,POINT (195606.4351421574 544207.2844471858),195606.4351421574,544207.2844471858
590,10200,260대,POINT (195592.6748334859 544203.6337515253),195592.6748334859,544203.6337515253
590,10200,134-18대,POINT (195571.3852665 544216.6797947377),195571.3852665,544216.6797947377
590,10200,142-5대,POINT (195595.4822853251 544189.2417778829),195595.48228532512,544189.2417778829
590,10200,134-41대,POINT (195513.1415967045 544013.1376371231),195513.1415967045,544013.1376371231
590,10200,산64-23임,POINT (195502.6092452957 544001.1049648596),195502.6092452957,544001.1049648597
590,10200,134-41대,POINT (195520.5866429651 544001.976958808),195520.58664296512,544001.976958808
590,10200,134-329대,POINT (195509.5477292391 543991.8113005881),195509.5477292391,543991.8113005881
590,10200,134-2대,POINT (195718.6722376719 543949.76212868),195718.6722376719,543949.76212868
590,10200,134-2대,POINT (195709.3605803875 543946.6784483084),195709.3605803875,543946.6784483085
590,10200,134-2대,POINT (195714.7455788025 543938.769454512),195714.7455788025,543938.769454512
590,10200,134-87대,POINT (195682.9785092931 544040.5783801978),195682.97850929308,544040.5783801979
590,10200,134-86대,POINT (195694.5940937258 544079.4941831331),195694.59409372578,544079.4941831331
590,10200,134-433대,POINT (195699.4686659091 544095.0765368647),195699.4686659091,544095.0765368647
590,10200,134-564대,POINT (195697.5243543861 544173.2487919633),195697.52435438609,544173.2487919633
590,10200,134-70대,POINT (195707.8068367168 544122.253667202),195707.8068367168,544122.2536672021
590,10200,134-70대,POINT (195709.0633039207 544132.6283025469),195709.0633039207,544132.6283025469
590,10200,산64-56임,POINT (195525.0591840062 543740.0018969881),195525.0591840062,543740.0018969881
590,10200,산64-56임,POINT (195555.0804627211 543831.4552319634),195555.0804627211,543831.4552319634
590,10200,산64-56임,POINT (195545.568086004 543835.470791607),195545.56808600397,543835.470791607
590,10200,134-131대,POINT (195781.7743389969 543924.2845044957),195781.7743389969,543924.2845044957
590,10700,,POINT (197101.3123501109 542757.1015254961),197101.3123501109,542757.1015254961
590,10500,9-22도,POINT (196933.2989267165 545018.2223537379),196933.2989267165,545018.2223537379
590,10500,,POINT (196936.534430331 544909.7080676203),196936.53443033103,544909.7080676203
590,10700,163-3대,POINT (197743.5145948463 542668.3792378805),197743.5145948463,542668.3792378805
590,10700,708-529천,POINT (197736.5715966131 542638.1134293857),197736.5715966131,542638.1134293857
590,10700,162-124임,POINT (197765.5919290858 542650.49747803),197765.5919290858,542650.49747803
590,10700,1093도,POINT (198023.5031411347 542702.6312895967),198023.5031411347,542702.6312895967
590,10700,산12-2 임,POINT (197555.8395654493 543386.3912676657),197555.8395654493,543386.3912676657
590,10700,324-13대,POINT (197880.1823032966 542680.044076625),197880.1823032966,542680.044076625
590,10700,708-360 도,POINT (197928.8737285522 542670.6643711292),197928.8737285522,542670.6643711292
590,10300,108-14 도,POINT (196015.8686236273 543898.7315990851),196015.8686236273,543898.731599085
590,10800,466-47도,POINT (193027.0495335057 544698.3703929372),193027.0495335057,544698.3703929372
590,10800,718-1대,POINT (192982.7489178522 544555.3094638374),192982.74891785218,544555.3094638374
590,10700,708-529천,POINT (197601.6495460814 542527.1930343565),197601.6495460814,542527.1930343565
590,10900,632-57대,POINT (192282.9651416749 543128.338624362),192282.96514167488,543128.338624362
590,10200,126-450수,POINT (195895.2064114541 545052.4156832186),195895.2064114541,545052.4156832186
590,10500,64-54대,POINT (196778.7537702838 544586.500220854),196778.7537702838,544586.500220854
590,10700,708-745천,POINT (197042.1163188221 542512.4992361396),197042.1163188221,542512.4992361396
590,10700,165-3도,POINT (197639.8678738017 542867.7810778121),197639.8678738017,542867.7810778121
590,10700,167-15대,POINT (197629.5736422301 542875.5387971698),197629.57364223013,542875.5387971698
590,10200,320-5구,POINT (194014.1693408133 544505.0248591863),194014.16934081327,544505.0248591864
590,10200,345-13도,POINT (194023.5053172215 544520.4788573876),194023.50531722148,544520.4788573876
590,10800,68-54구,POINT (194016.7688363773 545444.3881380189),194016.7688363773,545444.3881380189
590,10800,68-54구,POINT (193994.5897625773 545482.0226366358),193994.5897625773,545482.0226366358
590,10800,17-5도,POINT (194006.1223211256 545505.1344371149),194006.1223211256,545505.1344371149
590,10900,산 143 공,POINT (192268.2775641046 543146.0502755037),192268.27756410462,543146.0502755037
590,10800,20-4도,POINT (193998.1481690872 545635.8409747308),193998.1481690872,545635.8409747308
590,10700,708-535 도,POINT (196706.6494264945 543323.4578624484),196706.6494264945,543323.4578624484
590,10200,346-18도,POINT (194012.0265336603 544521.7142684648),194012.0265336603,544521.7142684647
590,10800,23-2도,POINT (194003.9084296749 545654.1763394837),194003.9084296749,545654.1763394837
590,10200,7-61도,POINT (195879.1035170985 545059.8814969227),195879.10351709853,545059.8814969227
590,10800,23-2도,POINT (193988.3528503088 545659.6114390523),193988.3528503088,545659.6114390523
590,10200,156-4도,POINT (195139.5110689374 544886.1463061183),195139.51106893737,544886.1463061182
590,10500,143-18대,POINT (196555.3887992443 545374.0014409758),196555.3887992443,545374.0014409758
590,10800,68-49구,POINT (193978.3126269932 545928.7017886636),193978.3126269932,545928.7017886636
590,10200,325대,POINT (195292.8047036874 545011.222265054),195292.80470368738,545011.222265054
590,10800,23-2도,POINT (193992.7665860331 545722.3871406476),193992.76658603307,545722.3871406476
590,10800,23-2도,POINT (193989.1548098433 545780.0383399822),193989.15480984328,545780.0383399822
590,10800,70-1대,POINT (193978.5347483281 545793.5249728956),193978.5347483281,545793.5249728956
590,10300,1-38대,POINT (195776.9637921372 545159.5025879754),195776.9637921372,545159.5025879754
590,10200,364-10 도,POINT (194624.6778520501 545083.6852281239),194624.6778520501,545083.6852281239
590,10900,366-259대,POINT (193277.134790959 543717.3765794965),193277.13479095898,543717.3765794964
590,10100,117-8도,POINT (195073.0343197043 545909.2705272421),195073.0343197043,545909.2705272421
590,10700,217-15대,POINT (197085.9229752492 542654.4261870688),197085.9229752492,542654.4261870688
590,10200,325-14도,POINT (193985.8235816102 544552.0172425443),193985.8235816102,544552.0172425443
590,10900,산 143 공,POINT (192260.8179170192 543143.4273952813),192260.81791701922,543143.4273952814
590,10500,145-1대,POINT (196567.5921903747 545354.5705725992),196567.59219037468,545354.5705725992
590,10500,141-9 도,POINT (196579.1310649166 545373.4951290793),196579.1310649166,545373.4951290793
590,10700,산32-83임,POINT (196991.8608578432 542431.4153205128),196991.86085784322,542431.4153205128
590,10400,126-311수,POINT (196011.9818365741 545543.232143719),196011.9818365741,545543.232143719
590,10900,395-61도,POINT (193226.8328324675 543727.2883994787),193226.8328324675,543727.2883994787
590,10700,708-745천,POINT (197018.705369199 542468.0263843547),197018.705369199,542468.0263843547
590,10900,산 143 공,POINT (192262.4477799405 543130.8484169454),192262.4477799405,543130.8484169454
590,10500,126-450수,POINT (195905.3063761671 545061.6337955616),195905.3063761671,545061.6337955616
590,10500,84-103대,POINT (196622.6637240313 544491.1477124183),196622.6637240313,544491.1477124182
590,10500,211-32대,POINT (196037.1832689469 545204.7342890722),196037.18326894692,545204.7342890722
590,10500,211-32대,POINT (196044.3228903384 545197.6573024218),196044.3228903384,545197.6573024218
590,10500,152-2대,POINT (196524.979472716 545354.0833546539),196524.97947271602,545354.0833546539
590,10800,49-2도,POINT (193989.9029215399 545937.6215711295),193989.90292153988,545937.6215711295
590,10300,7-9대,POINT (195765.5977524553 545048.0911998644),195765.5977524553,545048.0911998644
590,10900,395-61도,POINT (193341.326342299 543704.6331035444),193341.326342299,543704.6331035444
590,10400,47-18대,POINT (195993.5693746928 545536.6332396487),195993.5693746928,545536.6332396487
590,10700,708-743도,POINT (197073.371584525 542598.204053902),197073.371584525,542598.2040539021
590,10700,산32-87임,POINT (196957.9076573478 542405.3201049438),196957.90765734782,542405.3201049438
590,10700,,POINT (197574.4695219769 543364.7370742263),197574.46952197692,543364.7370742264
590,10100,321천,POINT (194929.9228780111 546025.4507907913),194929.9228780111,546025.4507907913
590,10900,498-21도,POINT (192522.3715370856 543814.0489451571),192522.3715370856,543814.0489451571
590,10700,708-535 도,POINT (196882.7752778304 543142.5095489261),196882.7752778304,543142.5095489261
590,10700,708-1108 천,POINT (196791.2411090181 543235.1702736521),196791.2411090181,543235.1702736521
590,10700,산32-92도,POINT (196946.4745721316 543025.2852824838),196946.4745721316,543025.2852824838
590,10200,29-8 도,POINT (195184.8223274098 544950.2118727515),195184.8223274098,544950.2118727515
590,10400,258-1수,POINT (195707.8095037959 545768.8988881913),195707.8095037959,545768.8988881913
590,10500,141도,POINT (196611.554296608 545336.5298060846),196611.554296608,545336.5298060846
590,10500,산4-8 도,POINT (196572.8652481489 545420.1771966388),196572.8652481489,545420.1771966388
590,10900,980-1도,POINT (191708.1881232814 543070.0626839588),191708.1881232814,543070.0626839588
590,10900,500-8도,POINT (192605.9760561514 543868.7236772935),192605.9760561514,543868.7236772935
590,10700,209-16학,POINT (197181.7377257819 542886.607465666),197181.73772578192,542886.607465666
590,10900,492-209도,POINT (192454.6115039551 543911.7194263004),192454.61150395512,543911.7194263004
590,10700,105대,POINT (197851.8860851803 542930.626910039),197851.8860851803,542930.626910039
590,10700,163-57도,POINT (197766.2874794819 542989.6445578325),197766.28747948192,542989.6445578325
590,10400,148-9 도,POINT (195671.1355083256 545606.6439953952),195671.1355083256,545606.6439953953
590,10400,494 대,POINT (195680.7878955661 545678.5851817013),195680.78789556609,545678.5851817013
590,10900,470-14 도,POINT (192467.2101922177 543820.5838579411),192467.2101922177,543820.5838579411
590,10200,226-4대,POINT (194851.5395660019 545073.2308304854),194851.5395660019,545073.2308304854
590,10700,105-6대,POINT (197932.2598894144 543378.750650567),197932.25988941442,543378.750650567
590,10900,699-3도,POINT (191650.7374721311 543123.3506000042),191650.7374721311,543123.3506000042
590,10200,325대,POINT (195102.5314676006 545100.0441822998),195102.53146760058,545100.0441822998
590,10300,2-45대,POINT (195636.1384260486 545033.9622389608),195636.1384260486,545033.9622389608
590,10800,501대,POINT (193315.4434841464 545129.8207399265),193315.4434841464,545129.8207399265
590,10900,479-5 도,POINT (192584.1637168345 543805.4996033746),192584.1637168345,543805.4996033746
590,10600,산21임,POINT (198068.3659045248 543910.116041177),198068.3659045248,543910.1160411771
590,10200,32-27도,POINT (195237.8150538733 545027.8984440103),195237.8150538733,545027.8984440103
590,10200,446 대,POINT (194214.2364983583 545118.8328462394),194214.23649835828,545118.8328462393
590,10500,259천,POINT (196742.6510799912 545397.2810979018),196742.65107999122,545397.2810979018
590,10700,105대,POINT (197936.443810004 543247.0961707897),197936.44381000398,543247.0961707897
590,10900,4302 도,POINT (192456.0283349983 543861.3374531339),192456.0283349983,543861.3374531339
590,10800,466-10대,POINT (193158.5982838842 544951.3528569957),193158.59828388423,544951.3528569957
590,10800,466-56도,POINT (193358.8870409745 545152.3972849536),193358.88704097448,545152.3972849536
590,10700,160-74 도,POINT (197912.5064272009 542848.1832883623),197912.5064272009,542848.1832883622
590,10700,64-163도,POINT (197956.5641596763 543224.5189351423),197956.5641596763,543224.5189351423
590,10700,169-25도,POINT (197567.948002757 543232.0199143956),197567.94800275698,543232.0199143956
590,10700,105-6대,POINT (197979.8350635331 543330.1042161491),197979.83506353307,543330.1042161491
590,10200,218-65대,POINT (195110.4193011759 545166.6316904014),195110.4193011759,545166.6316904014
590,10900,500-8도,POINT (192625.3323972734 543885.2372311827),192625.3323972734,543885.2372311827
590,10900,470-14 도,POINT (192482.8413398116 543809.1620934013),192482.8413398116,543809.1620934013
590,10300,520 대,POINT (196058.3489815239 544018.4399336476),196058.34898152392,544018.4399336476
590,10700,105대,POINT (197920.3658617802 543248.8034581043),197920.36586178018,543248.8034581043
590,10700,105대,POINT (197953.5806791704 543246.3808727047),197953.58067917038,543246.3808727047
590,10700,57-43대,POINT (197933.1958671377 543391.0892585655),197933.1958671377,543391.0892585655
590,10800,466-10대,POINT (193177.7160494123 544958.4927209619),193177.7160494123,544958.4927209619
590,10700,226-5 도,POINT (197192.3941419188 542886.6469337883),197192.39414191878,542886.6469337883
590,10700,산32-59임,POINT (197143.9682448376 542848.0573688376),197143.96824483763,542848.0573688375
590,10700,708-535 도,POINT (196858.354307026 543161.7882880173),196858.35430702602,543161.7882880173
590,10700,708-829천,POINT (197693.7479289962 543062.1784935275),197693.74792899622,543062.1784935275
590,10200,34-47도,POINT (195196.3216242652 544720.6340991481),195196.3216242652,544720.6340991481
590,10200,161-40구,POINT (195159.0763854804 544784.9948804269),195159.07638548038,544784.9948804269
590,10200,22-41대,POINT (195116.8993241734 544856.0717158177),195116.8993241734,544856.0717158178
590,10400,148-9 도,POINT (195703.169415781 545778.8220483246),195703.169415781,545778.8220483246
590,10900,375-11도,POINT (192904.3041992225 544238.7702755444),192904.3041992225,544238.7702755444
590,10900,4142 대,POINT (192610.7671795591 544172.9948574634),192610.7671795591,544172.9948574634
590,10900,4533대,POINT (192182.8908103324 543997.6493882147),192182.89081033238,543997.6493882147
590,10300,105-39대,POINT (196065.418845926 543885.3554800164),196065.418845926,543885.3554800164
590,10300,,POINT (195990.6109065702 543936.9797096779),195990.6109065702,543936.9797096779
590,10300,431 대,POINT (195896.2829407643 544070.5486130357),195896.2829407643,544070.5486130357
590,10300,335-9대,POINT (195723.3958150421 544378.2070592804),195723.3958150421,544378.2070592804
590,10300,337-2대,POINT (195694.4206674691 544358.4858415645),195694.4206674691,544358.4858415645
590,10300,635대,POINT (195519.8956996103 544673.4601302367),195519.89569961032,544673.4601302367
590,10300,36-1대,POINT (195411.2397453287 544767.6986384596),195411.2397453287,544767.6986384597
590,10700,,POINT (197558.9534106846 542725.7023945564),197558.9534106846,542725.7023945564
590,10700,,POINT (197410.0380707246 542812.9765243127),197410.0380707246,542812.9765243127
590,10700,,POINT (197370.9812464021 542832.6386899812),197370.9812464021,542832.6386899812
590,10700,,POINT (197664.7134968508 543266.8783837127),197664.71349685077,543266.8783837127
590,10200,161-24대,POINT (195068.2520514348 544429.9896184248),195068.2520514348,544429.9896184248
590,10400,46도,POINT (196154.4953233729 545979.167013975),196154.4953233729,545979.167013975
590,10700,105-21도,POINT (197856.2669304925 543173.8096116276),197856.2669304925,543173.8096116276
590,10700,,POINT (197583.6094583665 542729.1830329768),197583.6094583665,542729.1830329768
590,10700,,POINT (197292.3784031624 542887.2652770592),197292.37840316238,542887.2652770592
590,10700,169-32대,POINT (197277.5730888757 542902.0579916476),197277.5730888757,542902.0579916476
590,10900,390-5학,POINT (192951.0448196079 544312.3557567059),192951.0448196079,544312.355756706
590,10900,375-32도,POINT (192924.9102450339 544253.9806974801),192924.9102450339,544253.98069748
590,10300,208-1도,POINT (195864.4751070425 544112.8186357747),195864.4751070425,544112.8186357747
590,10900,507-1 대,POINT (192824.512691418 544227.9659343426),192824.512691418,544227.9659343426
590,10700,494-8도,POINT (198353.6567807988 541918.9377044793),198353.6567807988,541918.9377044793
590,10900,3980-9답,POINT (192409.1519435021 544129.3950342978),192409.1519435021,544129.3950342978
590,10200,,POINT (194639.6960518818 544971.8585591028),194639.6960518818,544971.8585591029
590,10700,169-32대,POINT (197258.0035689622 542921.3542589417),197258.0035689622,542921.3542589417
590,10700,,POINT (197205.4051357106 543003.9329975212),197205.40513571058,543003.9329975211
590,10700,,POINT (197603.329605117 543320.720528174),197603.329605117,543320.720528174
590,10300,108-11도,POINT (196019.2671137235 543954.7332918434),196019.2671137235,543954.7332918434
590,10300,,POINT (195621.5353320891 544527.1844908573),195621.53533208912,544527.1844908573
590,10300,420 대,POINT (195439.0103150656 544788.0772756535),195439.0103150656,544788.0772756535
590,10900,4196도,POINT (192613.2349772401 544163.0796205761),192613.23497724012,544163.0796205761
590,10100,70-4도,POINT (194574.4281251195 546008.7901644544),194574.4281251195,546008.7901644544
590,10100,319천,POINT (194575.9928717683 545988.9823540878),194575.99287176828,545988.9823540878
590,10500,332천,POINT (196802.598765582 545498.5670000825),196802.598765582,545498.5670000825
590,10800,375-78 공,POINT (193631.5268074119 544674.5121000404),193631.52680741192,544674.5121000404
590,10200,325대,POINT (195241.2275332674 545057.2744429209),195241.22753326737,545057.2744429209
590,10200,323대,POINT (195365.1692961502 545207.978612404),195365.16929615018,545207.978612404
590,10200,521 대,POINT (194835.6881293865 544573.5503612447),194835.6881293865,544573.5503612447
590,10700,782-3대,POINT (198444.174205898 543491.0696850204),198444.17420589802,543491.0696850204
590,10200,173-50 대,POINT (194923.2324156647 544528.7206041589),194923.23241566468,544528.7206041589
590,10800,501대,POINT (193296.742951957 545114.8364126449),193296.74295195699,545114.836412645
590,10500,143-64대,POINT (196474.0107834446 545339.5569078901),196474.0107834446,545339.5569078901
590,10800,466-67도,POINT (193401.4778405032 544956.0390258867),193401.4778405032,544956.0390258867
590,10800,501대,POINT (193275.8145296399 545099.4443378401),193275.81452963987,545099.4443378401
590,10700,141-34 대,POINT (197998.7224469857 542727.710935094),197998.72244698572,542727.7109350939
590,10200,210-207대,POINT (194923.0200774568 544005.5640353742),194923.0200774568,544005.5640353742
590,10500,133-4대,POINT (196603.0242113199 545252.66247339),196603.0242113199,545252.66247339
590,10700,229-21 도,POINT (197050.1009533112 542500.2872498552),197050.10095331122,542500.2872498552
590,10700,442-20대,POINT (198379.6277154995 541930.3203546371),198379.6277154995,541930.3203546371
590,10800,375-81 학,POINT (193580.5345233182 544580.1063994009),193580.5345233182,544580.106399401
590,10800,498-1도,POINT (193540.322152968 545839.2863462709),193540.322152968,545839.2863462709
590,10800,498-1도,POINT (193603.5912414768 545852.2824848908),193603.5912414768,545852.2824848908
590,10700,765-33도,POINT (198445.4395380435 543539.3759986993),198445.43953804352,543539.3759986993
590,10200,521-1 공,POINT (194883.3312223977 544564.837276449),194883.33122239768,544564.837276449
590,10400,산7-2 임,POINT (195722.119143985 545408.0260864669),195722.119143985,545408.0260864669
590,10300,481대,POINT (195704.0596779048 545399.8224941069),195704.0596779048,545399.8224941068
590,10700,105대,POINT (197784.5741105616 543128.8136855813),197784.5741105616,543128.8136855813
590,10700,105대,POINT (197714.2705904899 543051.9514425931),197714.27059048988,543051.9514425931
590,10700,105대,POINT (197783.6442455185 543111.4834131484),197783.64424551852,543111.4834131484
590,10700,105대,POINT (197795.9004339741 543111.1439350994),197795.9004339741,543111.1439350994
590,10700,105대,POINT (197802.1766134729 543130.6334330665),197802.1766134729,543130.6334330665
590,10700,105대,POINT (197823.2996171231 543140.3906659139),197823.2996171231,543140.3906659139
590,10700,105-4대,POINT (197826.1344557477 543155.5092631286),197826.1344557477,543155.5092631286
590,10200,229-125대,POINT (194774.9429299461 545086.0099063322),194774.9429299461,545086.0099063322
590,10300,2-24대,POINT (195607.4998009883 545003.6646782731),195607.49980098827,545003.6646782731
590,10200,512-11 도,POINT (196138.4337476143 543675.6471316922),196138.4337476143,543675.6471316922
590,10200,511 학,POINT (196106.5649531232 543762.1573301315),196106.5649531232,543762.1573301315
590,10300,433대,POINT (195629.736191335 544441.7485860968),195629.736191335,544441.7485860968
590,10200,465-1도,POINT (195576.5240430676 544519.0108898055),195576.52404306762,544519.0108898055
590,10800,375-1학,POINT (193405.65625 544812),193405.65625,544812.0
590,10500,86 학,POINT (196498.168427698 544732.2019648236),196498.168427698,544732.2019648236
590,10300,산60-42임,POINT (196560.5494469026 543974.7499631268),196560.54944690262,543974.7499631268
590,10500,170-94 도,POINT (196417.1646717209 545301.8514278956),196417.1646717209,545301.8514278956
590,10500,173-133대,POINT (196393.1130708646 545311.6996790216),196393.1130708646,545311.6996790216
590,10800,23-176 공,POINT (193478.3027528482 545203.0345192032),193478.3027528482,545203.0345192032
590,10300,7-28대,POINT (195775.1031145375 545088.1441873794),195775.1031145375,545088.1441873794
590,10800,379-16대,POINT (193286.9721680381 544553.3722112745),193286.97216803808,544553.3722112746
590,10800,375-44도,POINT (193305.2767603385 544822.7675405793),193305.27676033851,544822.7675405793
590,10800,375-39대,POINT (193297.2852550078 544832.0631563594),193297.28525500782,544832.0631563594
590,10800,501대,POINT (193302.6285267112 544950.3109709364),193302.62852671123,544950.3109709364
590,10500,259-2도,POINT (196721.4145133046 545391.1419734866),196721.4145133046,545391.1419734865
590,10500,141-14 도,POINT (196638.5987113958 545337.131515646),196638.59871139578,545337.131515646
590,10100,320-1도,POINT (194377.7251150486 545984.2015185545),194377.72511504858,545984.2015185545
590,10200,210-6 도,POINT (194935.2155790076 543988.6184066267),194935.2155790076,543988.6184066267
590,10500,118-2 대,POINT (196626.017763375 545288.0345472606),196626.017763375,545288.0345472606
590,10500,127-2대,POINT (196616.3405557699 545252.0354477543),196616.3405557699,545252.0354477543
590,10800,391-73대,POINT (193287.2105441546 544478.4844567176),193287.2105441546,544478.4844567176
590,10800,335-47대,POINT (193757.3172224714 544486.2380118459),193757.3172224714,544486.238011846
590,10700,1778 대,POINT (198396.7586274507 542873.8511498908),198396.7586274507,542873.8511498908
590,10900,347-9대,POINT (193613.3789006177 544074.2871275152),193613.37890061768,544074.2871275152
590,10900,406-5 주,POINT (193614.3161352168 544148.1512519706),193614.3161352168,544148.1512519707
590,10200,363-77대,POINT (194377.4910959208 544856.7303910938),194377.4910959208,544856.7303910939
590,10800,390-6 학,POINT (193150.8711381945 544503.862626045),193150.8711381945,544503.862626045
590,10800,390-5학,POINT (193160.8389023825 544492.6718920362),193160.8389023825,544492.6718920362
590,10800,391-72대,POINT (193287.2383737724 544500.3962232813),193287.2383737724,544500.3962232813
590,10700,161-43대,POINT (197984.1633676911 542704.5889893329),197984.1633676911,542704.5889893329
590,10900,335-117대,POINT (193637.6836611915 544398.5597940624),193637.6836611915,544398.5597940624
590,10200,356-56대,POINT (194106.9693006892 544658.4878604949),194106.9693006892,544658.4878604949
590,10800,4881도,POINT (192977.5596344066 544500.422883583),192977.5596344066,544500.422883583
590,10800,390-6 학,POINT (193011.5837739331 544486.7578975174),193011.5837739331,544486.7578975174
590,10800,335-130대,POINT (193682.2138713149 544477.4979738531),193682.2138713149,544477.4979738531
590,10700,140-7 도,POINT (198193.7056074255 542763.9731381581),198193.7056074255,542763.9731381581
590,10900,391-570대,POINT (193503.3729915137 544420.1452577056),193503.37299151372,544420.1452577056
590,10700,산12-2 임,POINT (197543.2691721056 543386.0993662504),197543.2691721056,543386.0993662504
590,10700,169-8대,POINT (197430.8083235981 542814.5785825545),197430.8083235981,542814.5785825545
590,10800,501대,POINT (193398.3517220184 544992.6901958215),193398.3517220184,544992.6901958215
590,10700,105대,POINT (197805.5933755439 542952.8752728887),197805.59337554392,542952.8752728887
590,10700,산32-59 도,POINT (197046.4274974745 542506.8671511537),197046.4274974745,542506.8671511536
590,10800,341-19대,POINT (193406.4993079026 545556.5148356889),193406.49930790262,545556.5148356889
590,10800,466-1도,POINT (193355.3055948908 545564.3981633104),193355.3055948908,545564.3981633104
590,10500,155대,POINT (196482.4829094065 545330.8372304559),196482.48290940648,545330.837230456
590,10500,130-3도,POINT (196585.264202655 545214.4043642781),196585.264202655,545214.4043642781
590,10500,130-3도,POINT (196570.176288201 545203.6510775047),196570.176288201,545203.6510775047
590,10500,182-5 대,POINT (196546.591198817 545129.3560756719),196546.59119881698,545129.3560756719
590,10300,산60-39임,POINT (196544.1985783372 543936.8901965446),196544.19857833718,543936.8901965446
590,10500,332천,POINT (196817.2492438476 545478.2503680653),196817.24924384762,545478.2503680653
590,10800,335대,POINT (193635.0555291015 544535.0599921504),193635.0555291015,544535.0599921504
590,10800,375-78 공,POINT (193589.3857748739 544580.6268913343),193589.3857748739,544580.6268913343
590,10800,375-1학,POINT (193606.4689420011 544741.3516079484),193606.46894200108,544741.3516079484
590,10800,375-1학,POINT (193558.5728318448 544761.8115234481),193558.5728318448,544761.8115234481
590,10800,375-1학,POINT (193501.0929150436 544819.8870808679),193501.09291504358,544819.8870808679
590,10800,335-55대,POINT (193635.3107412158 544527.7227291279),193635.31074121577,544527.7227291279
590,10800,392-16대,POINT (193513.7182298135 544493.4763637155),193513.7182298135,544493.4763637155
590,10800,391-231대,POINT (193395.1302241173 544475.1102095069),193395.1302241173,544475.1102095068
590,10300,36-1대,POINT (195313.7364737228 544805.3021549941),195313.73647372282,544805.3021549941
590,10400,379-53대,POINT (195475.5967973109 545557.6832358517),195475.5967973109,545557.6832358517
590,10300,산7-2 임,POINT (195713.4267596211 545393.5594391171),195713.4267596211,545393.5594391171
590,10800,4203도,POINT (193422.2064628769 545618.8523196932),193422.2064628769,545618.8523196932
590,10500,260천,POINT (197072.760290219 545252.7517700872),197072.76029021898,545252.7517700872
590,10100,14-37철,POINT (194714.3028282771 545787.4860467974),194714.3028282771,545787.4860467975
590,10800,341-3대,POINT (193347.9144349684 545557.4372501316),193347.9144349684,545557.4372501315
590,10800,1198도,POINT (193311.9657953742 545574.2149282199),193311.9657953742,545574.2149282199
590,10200,521 대,POINT (195029.6741899892 544328.0178531084),195029.67418998922,544328.0178531085
590,10300,420-5 대,POINT (195632.7458999603 544422.2598070151),195632.7458999603,544422.2598070151
590,10800,375-1학,POINT (193499.1505617552 544812.2969397183),193499.1505617552,544812.2969397183
590,10300,414대,POINT (195471.4300928378 544983.7202950523),195471.4300928378,544983.7202950523
590,10800,68-54구,POINT (194009.3843059752 545467.531094572),194009.3843059752,545467.531094572
590,10400,379-74 대,POINT (195484.3215698776 545579.5346460273),195484.32156987762,545579.5346460273
590,10400,379-30 대,POINT (195478.9579349046 545571.5949397574),195478.9579349046,545571.5949397574
590,10100,379-29대,POINT (195463.9129927716 545576.384767864),195463.9129927716,545576.384767864
590,10800,4878도,POINT (193120.3685954256 544960.7164103903),193120.3685954256,544960.7164103903
590,10100,56-1대,POINT (194723.5939403666 545686.5758534538),194723.5939403666,545686.5758534538
590,10700,산12-2 임,POINT (197535.610389885 543411.8072705233),197535.610389885,543411.8072705233
590,10700,442-5도,POINT (198338.1514541138 541950.5556674391),198338.1514541138,541950.555667439
590,10800,391-73대,POINT (193275.6998923009 544489.6462876567),193275.6998923009,544489.6462876567
590,10800,391-231대,POINT (193406.6259165638 544485.6968401731),193406.6259165638,544485.6968401731
590,10200,521-17 도,POINT (195071.0306997065 544419.476231768),195071.0306997065,544419.4762317679
590,10800,375-81 학,POINT (193591.4508226799 544621.4879498106),193591.45082267988,544621.4879498106
590,10800,335대,POINT (193618.1302428026 544538.0534274121),193618.1302428026,544538.0534274121
590,10800,391-590대,POINT (193396.4523978737 544387.2845189874),193396.4523978737,544387.2845189874
590,10800,375-1학,POINT (193401.0058614746 544863.6854238259),193401.0058614746,544863.685423826
590,10800,466-56도,POINT (193400.542724747 544907.5542639405),193400.54272474698,544907.5542639404
590,10800,501대,POINT (193236.1974462238 545036.7439098324),193236.19744622378,545036.7439098324
590,10700,59-1학,POINT (197956.0989852766 543696.1515950392),197956.0989852766,543696.1515950392
590,10800,379-16대,POINT (193280.7244871141 544546.18987133),193280.72448711412,544546.18987133
590,10500,182-5 대,POINT (196552.7704074912 545137.1897620735),196552.77040749122,545137.1897620736
590,10700,산24-17임,POINT (197569.0060743275 542750.5141737104),197569.0060743275,542750.5141737104
590,10800,390-6 학,POINT (193051.0896484821 544506.5906261888),193051.0896484821,544506.5906261888
590,10800,335-44대,POINT (193631.5125781609 544479.1583352803),193631.5125781609,544479.1583352803
590,10800,335-18대,POINT (193766.1742505492 544475.1152371911),193766.17425054923,544475.1152371911
590,10800,1176-1대,POINT (193192.0978607458 545207.8591188963),193192.0978607458,545207.8591188963
590,10700,1808대,POINT (198396.3857443518 542894.1392397014),198396.3857443518,542894.1392397014
590,10700,141-227대,POINT (198168.239878059 542774.7131365964),198168.239878059,542774.7131365964
590,10900,345-6도,POINT (193581.6484628328 543966.8151482329),193581.64846283282,543966.8151482329
590,10800,335-55대,POINT (193647.0369716288 544516.6125141038),193647.03697162878,544516.6125141039
590,10200,204-333학,POINT (194989.7685542567 544227.4199474342),194989.7685542567,544227.4199474342
590,10200,521 대,POINT (195059.5151521293 544399.4172690802),195059.5151521293,544399.4172690802
590,10900,964-8대,POINT (191748.7736561797 543252.7933095931),191748.7736561797,543252.7933095931
590,10900,591-68대,POINT (191907.5180487825 543144.6402759808),191907.5180487825,543144.6402759808
590,10900,600-101도,POINT (192046.3203502416 543071.7095985737),192046.3203502416,543071.7095985736
590,10900,600-15대,POINT (192047.4826621924 543089.8420022371),192047.48266219237,543089.8420022371
590,10900,632-23대,POINT (192172.2067099567 543082.9166666666),192172.20670995672,543082.9166666665
590,10900,391-324대,POINT (193284.4168850245 544324.7841397147),193284.4168850245,544324.7841397147
590,10700,산31-3임,POINT (197054.8306238354 543128.8807292789),197054.83062383538,543128.8807292789
590,10700,산31-1임,POINT (196876.5342098229 543166.009425564),196876.5342098229,543166.009425564
590,10700,산31-1임,POINT (196859.8443118133 543280.6850631635),196859.84431181327,543280.6850631635
590,10200,329 대,POINT (196392.3312078392 544269.7082142524),196392.33120783922,544269.7082142524
590,10200,329 대,POINT (196389.4170186087 544298.5927547597),196389.4170186087,544298.5927547597
590,10700,산31-8임,POINT (197492.3511671873 543480.595189206),197492.3511671873,543480.5951892061
590,10100,307-37대,POINT (194537.8553195149 545228.5922580594),194537.85531951487,545228.5922580594
590,10500,329 대,POINT (196402.1508881555 544305.7629684414),196402.1508881555,544305.7629684414
590,10700,산31-8임,POINT (197431.0881050542 543543.5535959689),197431.08810505422,543543.5535959689
590,10700,산31-8임,POINT (197390.7724668648 543591.5611529171),197390.77246686482,543591.5611529171
590,10600,753-12대,POINT (198461.6411593237 543830.6541179956),198461.6411593237,543830.6541179956
590,10600,753-9대,POINT (198482.206766065 543830.1637416177),198482.206766065,543830.1637416177
590,10500,261천,POINT (197414.0866666667 545121.2260507246),197414.08666666673,545121.2260507246
590,10500,261천,POINT (197393.4330766675 545124.1949722436),197393.4330766675,545124.1949722436
590,10500,261천,POINT (197299.347260558 545154.9156843361),197299.34726055802,545154.9156843361
590,10800,508 대,POINT (193631.8225335852 545523.5366131403),193631.8225335852,545523.5366131403
590,10800,23-176 공,POINT (193738.1071737734 545465.6232925343),193738.1071737734,545465.6232925343
590,10700,산31-1임,POINT (196806.0442227379 543245.3388751855),196806.0442227379,543245.3388751855
590,10900,391-90대,POINT (193464.3867628458 544402.9835178895),193464.3867628458,544402.9835178895
590,10900,391-324대,POINT (193275.9832380672 544328.6269068505),193275.9832380672,544328.6269068505
590,10900,390-5학,POINT (193157.1515762873 544279.7214876764),193157.15157628732,544279.7214876764
590,10200,439 도,POINT (195905.7668969867 544624.4533458599),195905.76689698672,544624.4533458599
590,10600,843도,POINT (198633.8431395021 544398.9662873853),198633.8431395021,544398.9662873853
590,10600,764-8대,POINT (198465.2267543799 543790.1056778564),198465.2267543799,543790.1056778564
590,10300,421 대,POINT (196171.4056579845 543998.5494586652),196171.4056579845,543998.5494586652
590,10300,산49-78임,POINT (196366.7104941629 543960.9689146954),196366.7104941629,543960.9689146954
590,10300,431 대,POINT (195855.2480346952 544191.0686368532),195855.2480346952,544191.0686368532
590,10700,1101도,POINT (198231.9043272664 541935.3515967577),198231.9043272664,541935.3515967578
590,10400,11-37 대,POINT (196082.8138821257 545575.0510059703),196082.81388212572,545575.0510059703
590,10200,294-460대,POINT (194356.5421779747 545156.4773283495),194356.54217797468,545156.4773283495
590,10900,385-2 대,POINT (192600.1678898276 543798.2541438366),192600.16788982763,543798.2541438366
590,10300,17-52대,POINT (195361.7798126269 544887.9314792297),195361.77981262692,544887.9314792297
590,10100,232-113대,POINT (194701.7665932778 545387.6610315498),194701.7665932778,545387.6610315498
590,10700,782-6대,POINT (198474.8300489839 543530.193107447),198474.83004898392,543530.193107447
590,10200,204-333학,POINT (194977.0366074177 544241.7274546014),194977.03660741769,544241.7274546014
590,10700,438-42대,POINT (198375.1506595881 542350.5325667282),198375.15065958808,542350.5325667282
590,10700,493-4천,POINT (198388.7113264471 542421.8476897167),198388.7113264471,542421.8476897167
590,10700,1671대,POINT (198394.8808458507 542767.9437652027),198394.8808458507,542767.9437652028
590,10700,1763대,POINT (198395.6664475804 542841.0762423021),198395.66644758038,542841.0762423021
590,10700,1776대,POINT (198419.805344107 542859.9491589066),198419.80534410698,542859.9491589066
590,10900,345-6도,POINT (193563.5523926513 543939.8336346961),193563.5523926513,543939.8336346961
590,10800,508 대,POINT (193723.6809029788 545507.3037430547),193723.68090297878,545507.3037430547
590,10500,96-1 대,POINT (196544.1705297986 544897.7072835013),196544.1705297986,544897.7072835013
590,10700,2989도,POINT (198386.901089909 542591.1068928811),198386.901089909,542591.1068928811
590,10200,225-113대,POINT (194839.4604201351 545084.9998050947),194839.46042013512,545084.9998050947
590,10800,391-175대,POINT (193408.0063615373 544386.3387655494),193408.0063615373,544386.3387655494
590,10800,506대,POINT (193825.5916943951 545387.7794172636),193825.59169439512,545387.7794172636
590,10800,391-320대,POINT (193284.7476525481 544339.3269228482),193284.74765254807,544339.3269228482
590,10500,79-288대,POINT (196450.0686015898 544399.7230945515),196450.0686015898,544399.7230945515
590,10200,산30-75 임,POINT (194455.1508633358 544918.804517789),194455.1508633358,544918.8045177889
590,10800,1289-2대,POINT (193297.1970275837 545515.9819724082),193297.19702758372,545515.9819724082
590,10600,345천,POINT (197590.16214615 545114.7642331345),197590.16214615,545114.7642331346
590,10700,782-11대,POINT (198455.8098701894 543512.985616806),198455.8098701894,543512.985616806
590,10500,260천,POINT (197043.59596631 545291.163793969),197043.59596631,545291.163793969
590,10700,440-1대,POINT (198368.799563262 542177.0835972346),198368.799563262,542177.0835972346
590,10700,494-2도,POINT (198373.3115400958 542290.9359214355),198373.31154009578,542290.9359214355
590,10700,493-5천,POINT (198383.1359142288 542313.385057464),198383.1359142288,542313.385057464
590,10700,782-18대,POINT (198459.0268173369 543473.8032533714),198459.0268173369,543473.8032533714
590,10200,230-44도,POINT (194644.9589971372 545095.1355801899),194644.95899713718,545095.1355801899
590,10200,325대,POINT (195256.48427812 545055.1962033197),195256.48427812,545055.1962033197
590,10700,1147 대,POINT (197108.6927855556 542763.1613865492),197108.69278555558,542763.1613865492
590,10700,2298도,POINT (198396.2074944648 542604.7221374026),198396.2074944648,542604.7221374026
590,10700,2298도,POINT (198387.5821876785 542617.6130221982),198387.58218767852,542617.6130221982
590,10700,3001-1 대,POINT (198389.3178450616 542643.2512660023),198389.3178450616,542643.2512660023
590,10600,산29-3임,POINT (198509.9775827638 544205.2490172362),198509.9775827638,544205.2490172362
590,10600,764-5대,POINT (198485.6061952529 543789.0734057932),198485.60619525288,543789.0734057932
590,10700,161-7대,POINT (197850.4132145456 542641.7932622652),197850.41321454558,542641.7932622653
590,10100,817 대,POINT (198712.0117725396 544470.8542632464),198712.0117725396,544470.8542632464
590,10200,204-333학,POINT (194978.4078968908 544222.5634134369),194978.40789689077,544222.5634134369
590,10200,521 대,POINT (195039.7764320184 544380.9271868914),195039.7764320184,544380.9271868914
590,10200,325대,POINT (195085.5246352833 545075.7166659046),195085.52463528328,545075.7166659046
590,10200,325대,POINT (195228.9010416667 545047.3096751412),195228.90104166672,545047.3096751411
590,10100,873도,POINT (198696.0396763561 544450.0294253594),198696.0396763561,544450.0294253593
590,10200,230-44도,POINT (194622.9813685254 544961.5032177385),194622.9813685254,544961.5032177385
590,10200,521 대,POINT (195018.1511116895 544319.5311748846),195018.15111168948,544319.5311748846
590,10200,210-208대,POINT (194937.6494590753 544012.5230091498),194937.6494590753,544012.5230091498
